,mining_profitability,date,send_usd,transactions,sent_addresses,hashrate,difficulty,confirmation_time,av_transaction_size,block_size,av_transaction_value,top_100_percent,median_transaction_size,fee_reward,market_cap,median_transaction_value,google_trends,active_addresses,tweets,full_name,coin
0,,2018/11/26,62781729,9331,4390,,312522746510,14.694,,43005,6728,,,,1950741661,,,,,bitcoin sv,bsv
1,,2018/11/27,74079457,5127,4089,,183651739313,11.803,,27484,14449,,,,1605763372,,,,,bitcoin sv,bsv
2,,2018/11/28,117069778,5683,3554,,137604830967,10.511,,28128,20600,,,,1710704771,,,,,bitcoin sv,bsv
3,,2018/11/29,43707208,3599,2785,,218077443129,8.182,,14896,12144,,,,1713143409,,,,,bitcoin sv,bsv
4,,2018/11/30,137624100,3957,2523,,224199874691,9.536,,92447,34780,,,,1664615693,,,,,bitcoin sv,bsv
5,,2018/12/01,66689600,3729,2634,,230294848400,10.511,,13988,17884,,,,1634393097,,,,,bitcoin sv,bsv
6,,2018/12/02,113800552,2555,1851,,210878335269,9.351,,9379,44540,,,,1753903283,,,,,bitcoin sv,bsv
7,,2018/12/03,111959139,2578,2174,,268402819470,10.36,,13686,43429,,,,1650811547,,,,,bitcoin sv,bsv
8,,2018/12/04,112971816,3160,2274,,240806384809,11.163,,14468,35751,,,,1576169659,,,,,bitcoin sv,bsv
9,,2018/12/05,163754439,3497,2802,,207375318449,9.536,,12456,46827,,,,1568897717,,,,,bitcoin sv,bsv
10,,2018/12/06,425555067,4182,3571,,237437991684,10.07,,18026,101759,,,,1678564340,,,,,bitcoin sv,bsv
11,,2018/12/07,1018381858,4248,3921,,214388770452,10.667,,27420,239732,,,,1850999407,,,,441,bitcoin sv,bsv
12,,2018/12/08,399096519,3224,2344,,189267228927,10.141,,11707,123789,,,,1770456107,,,,544,bitcoin sv,bsv
13,,2018/12/09,395666079,3271,2071,,216125610080,9.231,,10035,120962,,,,1705468900,,,,373,bitcoin sv,bsv
14,,2018/12/10,337955368,4264,2220,,215236005025,9.6,,14075,79258,,,,1715192504,,,,293,bitcoin sv,bsv
15,,2018/12/11,467363114,3672,1793,,214835569528,11.901,,17045,127278,,,,1598504168,,,,394,bitcoin sv,bsv
16,,2018/12/12,162386201,2234,4100,,195910567685,9.6,,11517,72689,,,,1577758956,,,,228,bitcoin sv,bsv
17,,2018/12/13,606613232,179093,4572,,195011338397,9.412,,325242,3387,,,,1501290510,,,,314,bitcoin sv,bsv
18,,2018/12/14,1466038899,130199,4265,,234455869088,11.613,,293873,11260,,,,1351587389,,,,352,bitcoin sv,bsv
19,,2018/12/15,1261164807,4851,4060,,180668336187,11.163,,14725,259980,,,,1219724599,,,,188,bitcoin sv,bsv
20,,2018/12/16,1065310025,85323,3974,,162841007662,10,,174847,12486,,,,1349156410,,,,213,bitcoin sv,bsv
21,,2018/12/17,856328769,1958,1569,,160001453376,9.412,,6518,437349,,,,1392416022,,,,223,bitcoin sv,bsv
22,,2018/12/18,933171439,2560,1717,,168979308118,11.429,,60791,364520,,,,1417467412,,,7734,220,bitcoin sv,bsv
23,,2018/12/19,689487848,2944,2276,,137987978656,8.944,,9723,234201,,,,1555813238,,,5114,136,bitcoin sv,bsv
24,,2018/12/20,512326028,3465,2590,,152515365573,11.52,,19010,147857,,,,1759715639,,,6183,225,bitcoin sv,bsv
25,,2018/12/21,315213047,3548,2990,,188056535912,9.057,,14898,88842,,,,2041761103,,,7550,324,bitcoin sv,bsv
26,,2018/12/22,125353366,2389,1596,,170121504976,10.141,,10296,52471,,,,1873382893,,,4962,185,bitcoin sv,bsv
27,,2018/12/23,210571106,1704,1183,,165075610705,10.286,,5837,123575,,,,1886371295,,,4261,142,bitcoin sv,bsv
28,,2018/12/24,396710574,24723,3555,,172773318163,10.746,,45317,16046,,,,1908062437,,,6899,114,bitcoin sv,bsv
29,,2018/12/25,127502128,292826,1411,,144833099222,9.863,,454186,435.419,,,,1634537160,,,3139,168,bitcoin sv,bsv
30,,2018/12/26,126981230,2115,1718,,145094407626,10.992,,6897,60038,,,,1655347184,,,2839,136,bitcoin sv,bsv
31,,2018/12/27,207745386,2759,2121,,133986055041,10.141,,8410,75297,,,,1598067251,,,3834,158,bitcoin sv,bsv
32,,2018/12/28,155682912,3203,1676,,130845990674,9.114,,14088,48605,,,,1528218696,,,3400,133,bitcoin sv,bsv
33,,2018/12/29,104671908,2252,1254,,173977643356,9.664,,25648,46480,,,,1606204736,,,5862,143,bitcoin sv,bsv
34,,2018/12/30,29125358,2064,1244,,166650464582,11.163,,18793,14111,,,,1554619589,,,3074,104,bitcoin sv,bsv
35,,2018/12/31,51451982,1504,1287,,140032171510,10.588,,5005,34210,,,,1520499186,,,2666,84,bitcoin sv,bsv
36,,2019/01/01,81652918,1889,1498,,134829442611,9.6,,6186,43225,,,,1582289874,,,3813,129,bitcoin sv,bsv
37,,2019/01/02,82934299,2583,1757,,143506244650,9.536,,7924,32108,,,,1618434472,,,4235,103,bitcoin sv,bsv
38,,2019/01/03,117639920,463322,1874,,161240972609,9.6,,699830,254.211,,,,1591940731,,,3970,374,bitcoin sv,bsv
39,,2019/01/04,99830197,2194,1536,,158438002622,10.07,,7093,45501,,,,1539473955,,,3744,197,bitcoin sv,bsv
40,,2019/01/05,78889554,1979,1394,,154167813873,9.796,,5406,39863,,,,1547684721,,,3289,213,bitcoin sv,bsv
41,,2019/01/06,50147022,194665,62807,,158941955629,10.511,,277640,257.607,,,,1561828016,,,329426,177,bitcoin sv,bsv
42,,2019/01/07,89584396,2444,1634,,143279104663,10.286,,6581,36655,,,,1557549000,,,3366,131,bitcoin sv,bsv
43,,2019/01/08,112014731,5232,1812,,147311414484,9.6,,15898,21410,,,,1530070104,,,5813,129,bitcoin sv,bsv
44,,2019/01/09,85569478,2658,1907,,145233611600,10.36,,9562,32193,,,,1528302883,,,5290,179,bitcoin sv,bsv
45,,2019/01/10,165045685,2306,1690,,138310317972,10.588,,7739,71572,,,,1410832084,,,4303,288,bitcoin sv,bsv
46,,2019/01/11,133060058,2452,1558,,140338446204,10.36,,7122,54266,,,,1307138946,,,3355,305,bitcoin sv,bsv
47,,2019/01/12,112429933,2711,1588,,175039278933,8.421,,5839,41472,,,,1431292924,,,3440,150,bitcoin sv,bsv
48,,2019/01/13,85060008,2011,1705,,182517153360,11.52,,8028,42297,,,,1433530863,,,4306,124,bitcoin sv,bsv
49,,2019/01/14,72695601,1934,1405,,149126626226,9.931,,6001,37588,,,,1373925481,,,3781,117,bitcoin sv,bsv
50,,2019/01/15,101748231,1771,1409,,163440479517,9.73,,5637,57452,,,,1372925682,,,3962,131,bitcoin sv,bsv
51,,2019/01/16,90013246,2340,1714,,156804425656,10.667,,6557,38467,,,,1356822918,,,3449,175,bitcoin sv,bsv
52,,2019/01/17,62454888,3457,1601,,143668478779,9.474,,22550,18066,,,,1348787361,,,51713,173,bitcoin sv,bsv
53,,2019/01/18,70885029,7822,1428,,155219570177,10.909,,17115,9062,,,,1334120187,,,2875,155,bitcoin sv,bsv
54,,2019/01/19,51990588,3101,1070,,135711369584,9.6,,7052,16766,,,,1342340449,,,2337,125,bitcoin sv,bsv
55,,2019/01/20,85534852,4396,1181,,149103174083,10.667,,14323,19457,,,,1328661666,,,3411,89,bitcoin sv,bsv
56,,2019/01/21,109092579,5212,2038,,169933741310,9.114,,12580,20931,,,,1314768248,,,4645,216,bitcoin sv,bsv
57,,2019/01/22,97030653,4725,1800,,163715645593,10.435,,13548,20536,,,,1316460185,,,5585,144,bitcoin sv,bsv
58,,2019/01/23,46961747,6042,1614,,158507708052,10.588,,22659,7773,,,,1326616332,,,4755,146,bitcoin sv,bsv
59,,2019/01/24,47326794,6770,2336,,141992193648,9.474,,30230,6991,,,,1306666953,,,10142,185,bitcoin sv,bsv
60,,2019/01/25,86970996,4744,2059,,144566929210,10.141,,20437,18333,,,,1309811729,,,8544,132,bitcoin sv,bsv
61,,2019/01/26,71750763,7182,1719,,151251770098,11.52,,30624,10676,,,,1305808358,,,5118,178,bitcoin sv,bsv
62,,2019/01/27,125387045,8101,1844,,139475700948,9.057,,24016,15478,,,,1274685303,,,4750,156,bitcoin sv,bsv
63,,2019/01/28,182652953,4141,2210,,160085699840,10.141,,81396,44108,,,,1158160401,,,8148,148,bitcoin sv,bsv
64,,2019/01/29,121545212,3432,1950,,149366817491,10,,36321,35415,,,,1124063829,,,5210,160,bitcoin sv,bsv
65,,2019/01/30,100356421,3870,2347,,150017372812,9.863,,46872,25932,,,,1147872698,,,6019,157,bitcoin sv,bsv
66,,2019/01/31,103504083,8981,2079,,156529538136,9.351,,40135,11525,,,,1139451581,,,5669,221,bitcoin sv,bsv
67,,2019/02/01,39421423,2950,1662,,165534474303,10.992,,22462,13363,,,,1125371112,,,4615,85,bitcoin sv,bsv
68,,2019/02/02,39360498,3021,1372,,152332226675,9.474,,31451,13029,,,,1135060149,,,3965,96,bitcoin sv,bsv
69,,2019/02/03,78971032,4215,1717,,165663108912,10.667,,17952,18736,,,,1126483014,,,4110,70,bitcoin sv,bsv
70,,2019/02/04,74104568,7607,3157,,140624928330,10.909,,43085,9742,,,,1111424763,,,8543,223,bitcoin sv,bsv
71,,2019/02/05,76815330,5913,3427,,167026328965,8.571,,21319,12991,,,,1087087952,,,8032,229,bitcoin sv,bsv
72,,2019/02/06,86047038,3689,2303,,169043528659,11.803,,57524,23325,,,,1061560944,,,5896,139,bitcoin sv,bsv
73,,2019/02/07,59589274,3481,2427,,137181221910,10.07,,24433,17118,,,,1106890501,,,5624,156,bitcoin sv,bsv
74,,2019/02/08,138391414,4415,3139,,135182812461,10,,26285,31346,,,,1121755846,,,6094,110,bitcoin sv,bsv
75,,2019/02/09,59558956,5683,3142,,146692428719,9.114,,20397,10480,,,,1166757648,,,6307,63,bitcoin sv,bsv
76,,2019/02/10,74921895,2947,1741,,147444648326,11.077,,22880,25423,,,,1138297474,,,3825,90,bitcoin sv,bsv
77,,2019/02/11,45276396,2339,1697,,140929945308,10.286,,20446,19357,,,,1145418525,,,4055,109,bitcoin sv,bsv
78,,2019/02/12,68664558,3959,2902,,147442536410,9.29,,15625,17344,,,,1141893993,,,5892,169,bitcoin sv,bsv
79,,2019/02/13,84000061,6447,2352,,147746064786,10.435,,27823,13029,,,,1141926788,,,5741,114,bitcoin sv,bsv
80,,2019/02/14,198849021,5009,5816,,160448222595,9.796,,18576,39698,,,,1118128559,,,5782,98,bitcoin sv,bsv
81,,2019/02/15,94502999,5543,5480,,149540408644,11.25,,49343,17049,,,,1098119409,,,50036,92,bitcoin sv,bsv
82,,2019/02/16,97341516,32020,3171,,125615371855,9.73,,84600,3040,,,,1097121075,,,32088,116,bitcoin sv,bsv
83,,2019/02/17,83646679,3220,2655,,144431026172,9.231,,42764,25977,,,,1092866305,,,24847,113,bitcoin sv,bsv
84,,2019/02/18,143853381,5395,3323,,143629532048,9.796,,38825,26664,,,,1157527591,,,22936,116,bitcoin sv,bsv
85,,2019/02/19,181310728,3375,2067,,151518294161,11.429,,39916,53722,,,,1197969051,,,16095,114,bitcoin sv,bsv
86,,2019/02/20,107651639,4601,3392,,128134603941,9.412,,19949,23397,,,,1167376259,,,13897,163,bitcoin sv,bsv
87,,2019/02/21,110580438,4224,3823,,128782926990,12.522,,60394,26179,,,,1156639646,,,13578,131,bitcoin sv,bsv
88,,2019/02/22,90176414,4833,4245,,127558904644,8.834,,26980,18658,,,,1152937743,,,11905,237,bitcoin sv,bsv
89,,2019/02/23,63798724,3924,3025,,122369205014,10.36,,63137,16259,,,,1158921378,,,8432,128,bitcoin sv,bsv
90,,2019/02/24,221061164,4586,3039,,117465092988,10,,23411,48203,,,,1160503183,,,10221,314,bitcoin sv,bsv
91,,2019/02/25,151632288,3387,2871,,114183089315,9.796,,17432,44769,,,,1143961094,,,8133,167,bitcoin sv,bsv
92,,2019/02/26,171053315,5424,3356,,114088717597,9.863,,88753,31536,,,,1273217380,,,10646,435,bitcoin sv,bsv
93,,2019/02/27,137206143,5934,4413,,129941562271,10.141,,784820,23122,,,,1235517124,,,9221,266,bitcoin sv,bsv
94,,2019/02/28,94238479,4966,3393,,118723886026,10.435,,219694,18977,,,,1185230612,,,9232,204,bitcoin sv,bsv
95,,2019/03/01,59358075,4898,3071,,119709689923,9.536,,87251,12119,,,,1183304010,,,7913,194,bitcoin sv,bsv
96,,2019/03/02,49778759,4345,2888,,140316583568,9.863,,125435,11457,,,,1170550405,,,6479,146,bitcoin sv,bsv
97,,2019/03/03,48807964,4700,3192,,135626818988,10.07,,37648,10385,,,,1157770491,,,7269,158,bitcoin sv,bsv
98,,2019/03/04,52865809,5701,3608,,136342812186,10.435,,101079,9273,,,,1114296329,,,6896,129,bitcoin sv,bsv
99,,2019/03/05,98093769,4604,2733,,128882666578,9.172,,75410,21306,,,,1159323283,,,6285,268,bitcoin sv,bsv
100,,2019/03/06,51060781,3602,2069,,132038588306,10.746,,75196,14176,,,,1170674202,,,4684,137,bitcoin sv,bsv
101,,2019/03/07,105869436,13391,2481,,155906033217,9.796,,138052,7906,,,,1169479002,,,6091,354,bitcoin sv,bsv
102,,2019/03/08,107694572,10771,2219,,143276540609,12.308,,125773,9999,,,,1182705439,,,5282,255,bitcoin sv,bsv
103,,2019/03/09,56326756,4017,2246,,117532344214,8.834,,74801,14022,,,,1170063369,,,4700,124,bitcoin sv,bsv
104,,2019/03/10,54133678,4003,1924,,135927951524,10.213,,73197,13523,,,,1169652840,,,4164,91,bitcoin sv,bsv
105,,2019/03/11,82825175,5124,2673,,125789486180,10.286,,281360,16164,,,,1156475363,,,5508,108,bitcoin sv,bsv
106,,2019/03/12,45529982,5682,2107,,117512984832,10.667,,321575,8013,,,,1145996952,,,5092,131,bitcoin sv,bsv
107,,2019/03/13,41625145,6561,2781,,109724297099,9.29,,280683,6344,,,,1143335395,,,5075,116,bitcoin sv,bsv
108,,2019/03/14,80630641,3627,2090,,115724218191,10,,234360,22231,,,,1154486936,,,4862,220,bitcoin sv,bsv
109,,2019/03/15,54225187,3441,1961,,131274596103,9.73,,106453,15759,,,,1173241079,,,4742,220,bitcoin sv,bsv
110,,2019/03/16,63993167,3901,2000,,120993136548,11.429,,87527,16404,,,,1221098568,,,4329,163,bitcoin sv,bsv
111,,2019/03/17,48317296,3545,1657,,116128560742,9.172,,48491,13630,,,,1192658687,,,3716,139,bitcoin sv,bsv
112,,2019/03/18,108710432,4267,2328,,119134725885,11.339,,260753,25477,,,,1180704795,,,5237,193,bitcoin sv,bsv
113,,2019/03/19,88900075,4135,1978,,129193932155,8.889,,68714,21499,,,,1164786102,,,4542,229,bitcoin sv,bsv
114,,2019/03/20,77480034,4470,2496,,127310543519,12.743,,517349,17333,,,,1168544689,,,4486,311,bitcoin sv,bsv
115,,2019/03/21,58187459,4379,2379,,114169882349,8.944,,329457,13288,,,,1165863756,,,5736,170,bitcoin sv,bsv
116,,2019/03/22,32494028,5727,4013,,111752226354,10.909,,1597292,5674,,,,1164978392,,,7596,228,bitcoin sv,bsv
117,,2019/03/23,48676392,7449,5725,,128692075080,9.114,,2175849,6535,,,,1178677873,,,8103,146,bitcoin sv,bsv
118,,2019/03/24,29243077,7226,4623,,120197126415,10.141,,1867786,4047,,,,1165933495,,,8088,155,bitcoin sv,bsv
119,,2019/03/25,70804857,8038,5623,,130051789565,9.6,,2266020,8809,,,,1140514589,,,8009,155,bitcoin sv,bsv
120,,2019/03/26,80140097,6697,2018,,135584710747,9.73,,258707,11967,,,,1124358711,,,5506,150,bitcoin sv,bsv
121,,2019/03/27,73905172,6386,3606,,141676994804,10.909,,1235631,11573,,,,1142911761,,,6275,152,bitcoin sv,bsv
122,,2019/03/28,72467961,7028,5273,,119981375051,10.435,,2323321,10311,,,,1138817538,,,6516,248,bitcoin sv,bsv
123,,2019/03/29,74289735,8198,6485,,107677988189,10.992,,2992870,9062,,,,1138555119,,,7321,211,bitcoin sv,bsv
124,,2019/03/30,52308659,27219,5981,,105345906246,9.057,,1573175,1922,,,,1150392504,,,12785,198,bitcoin sv,bsv
125,,2019/03/31,31916769,19108,13179,,121586223146,9.231,,4978774,1670,,,,1144291486,,,20821,151,bitcoin sv,bsv
126,,2019/04/01,93361725,4993,2547,,134606788439,9.29,,420925,18699,,,,1154543644,,,5293,175,bitcoin sv,bsv
127,,2019/04/02,164082275,7814,3232,,138456487704,11.25,,965559,20998,,,,1255362421,,,16171,284,bitcoin sv,bsv
128,,2019/04/03,280474882,10711,4970,,128168563425,9.931,,294478,26186,,,,1553603943,,,12726,240,bitcoin sv,bsv
129,,2019/04/04,123892837,9688,3700,,129179108980,9.474,,89261,12788,,,,1522395146,,,10584,192,bitcoin sv,bsv
130,,2019/04/05,51337405,11222,3485,,135627329552,10.667,,459801,4575,,,,1486103441,,,6999,178,bitcoin sv,bsv
131,,2019/04/06,92129258,13712,3203,,120138007917,10.588,,258567,6719,,,,1494384239,,,7954,127,bitcoin sv,bsv
132,,2019/04/07,55562272,19449,5466,,114247901986,10.909,,1226305,2857,,,,1510057619,,,15307,130,bitcoin sv,bsv
133,,2019/04/08,137563602,51307,7557,,107054078647,9.172,,509132,2681,,,,1480222793,,,12382,91,bitcoin sv,bsv
134,,2019/04/09,99450083,107060,7085,,116926425792,10.286,,1712904,928.919,,,,1397292042,,,14130,141,bitcoin sv,bsv
135,,2019/04/10,34042693,87649,5789,,115667560022,10.36,,960862,388.398,,,,1411555177,,,10470,171,bitcoin sv,bsv
136,,2019/04/11,107195074,50669,3667,,110286388973,9.412,,280676,2116,,,,1315881055,,,7482,156,bitcoin sv,bsv
137,,2019/04/12,144150895,8140,2999,,113379091863,10.511,,238086,17709,,,,1261222519,,,6317,229,bitcoin sv,bsv
138,,2019/04/13,91591793,9040,3752,,109972306457,10.827,,178175,10132,,,,1248750248,,,9990,266,bitcoin sv,bsv
139,,2019/04/14,57270841,10674,3464,,106526892513,9.29,,114955,5365,,,,1237670502,,,6449,272,bitcoin sv,bsv
140,,2019/04/15,166809831,59003,5947,,109218870541,9.863,,238379,2827,,,,1194225104,,,13262,702,bitcoin sv,bsv
141,,2019/04/16,287800747,330543,5778,,111556548927,10.827,,842202,870.691,,,,990798033,,,31180,660,bitcoin sv,bsv
142,,2019/04/17,141648850,17377,4733,,110712389645,9.664,,508008,8152,,,,987751975,,,11859,513,bitcoin sv,bsv
143,,2019/04/18,170136167,1121172,4542,,106980965676,10.588,,3278676,160.422,,,,1029511651,,,10490,293,bitcoin sv,bsv
144,,2019/04/19,113675504,117974,3725,,103599554478,9.6,,700343,963.564,,,,1052067331,,,13564,238,bitcoin sv,bsv
145,,2019/04/20,111312513,8918,3166,,100238428445,10.511,,235653,12482,,,,1046557939,,,10292,316,bitcoin sv,bsv
146,,2019/04/21,164781590,17078,2496,,103334654396,9.796,,255457,9649,,,,1013838414,,,14628,171,bitcoin sv,bsv
147,,2019/04/22,234606942,23235,3679,,99552908225,10.827,,481811,10097,,,,1014564241,,,7816,393,bitcoin sv,bsv
148,,2019/04/23,229861796,12048,3991,,105478680042,8.889,,198870,19079,,,,1020371093,,,9300,184,bitcoin sv,bsv
149,,2019/04/24,219964911,23059,3924,,106872275820,13.714,,218384,9539,,,,949655062,,,15688,199,bitcoin sv,bsv
150,,2019/04/25,131810753,14102,3431,,77445542609,9.536,,117866,9347,,,,943386036,,,7382,237,bitcoin sv,bsv
151,,2019/04/26,123249016,9205,2658,,75795804758,10.511,,70423,13389,,,,946139687,,,5678,270,bitcoin sv,bsv
152,,2019/04/27,73046825,10676,2410,,81240121591,9.114,,81250,6842,,,,957564097,,,7044,240,bitcoin sv,bsv
153,,2019/04/28,110814290,9336,2147,,82530148021,10.746,,116775,11870,,,,970096125,,,4554,174,bitcoin sv,bsv
154,,2019/04/29,99137589,11729,3162,,85577784473,10,,142782,8452,,,,946637300,,,11929,205,bitcoin sv,bsv
155,,2019/04/30,84905612,10235,2803,,84298982919,9.057,,100230,8296,,,,939773356,,,14108,175,bitcoin sv,bsv
156,,2019/05/01,75176862,10028,2861,,94607646085,9.796,,78294,7497,,,,953928153,,,6679,212,bitcoin sv,bsv
157,,2019/05/02,82457731,10848,2961,,94572133497,11.25,,156339,7601,,,,942532106,,,6440,127,bitcoin sv,bsv
158,,2019/05/03,82887043,10879,2648,,97214157485,9.29,,90237,7619,,,,959978526,,,6898,184,bitcoin sv,bsv
159,,2019/05/04,107281897,12555,2589,,93037106292,10.286,,1708863,8545,,,,950381799,,,7030,258,bitcoin sv,bsv
160,,2019/05/05,92067069,12060,2685,,93602959855,10,,961755,7634,,,,958085332,,,7802,119,bitcoin sv,bsv
161,,2019/05/06,86672294,19575,3049,,93005403671,10.213,,1139740,4428,,,,935198050,,,6387,146,bitcoin sv,bsv
162,,2019/05/07,83670601,14516,1952,,89156761354,10.588,,118222,5764,,,,944888385,,,5516,136,bitcoin sv,bsv
163,,2019/05/08,44535385,10084,1977,,93776184071,9,,60127,4416,,,,957222350,,,4435,281,bitcoin sv,bsv
164,,2019/05/09,61379859,10985,2401,,93859491168,10.909,,93883,5588,,,,1017639140,,,5026,261,bitcoin sv,bsv
165,,2019/05/10,50220390,17327,2885,,194254296599,7.784,,119420,2898,,,,1020833653,,,6910,189,bitcoin sv,bsv
166,,2019/05/11,55084420,14028,2541,,190108130318,10.909,,79300,3927,,,,1047573146,,,5688,161,bitcoin sv,bsv
167,,2019/05/12,36524791,32950,2922,,145951984052,12.743,,134900,1108,,,,1069387082,,,7311,125,bitcoin sv,bsv
168,,2019/05/13,27631290,23481,2658,,106967466601,9.474,,340083,1177,,,,1047556987,,,7215,129,bitcoin sv,bsv
169,,2019/05/14,35170825,20781,3033,,117565902804,12.203,,95595,1692,,,,1069959808,,,7127,123,bitcoin sv,bsv
170,,2019/05/15,95156020,18570,3463,,92393624871,11.163,,79580,5124,,,,1156608611,,,6503,207,bitcoin sv,bsv
171,,2019/05/16,244600029,19401,3794,,77487600441,9.6,,87443,12608,,,,1209927614,,,8289,235,bitcoin sv,bsv
172,,2019/05/17,116695542,19501,2962,,76502271001,11.25,,121326,5984,,,,1047372540,,,10235,180,bitcoin sv,bsv
173,,2019/05/18,73740156,19695,2799,,72372036606,9.6,,95253,3744,,,,1069516166,,,5400,142,bitcoin sv,bsv
174,,2019/05/19,99906402,21171,3033,,70193625889,10.141,,168063,4719,,,,1133003025,,,5878,140,bitcoin sv,bsv
175,,2019/05/20,70481468,22405,2829,,76786218437,8.944,,91609,3146,,,,1109717852,,,5104,222,bitcoin sv,bsv
176,,2019/05/21,222723355,28092,6659,,79197843250,10.36,,629856,7928,,,,1435952730,,,12142,450,bitcoin sv,bsv
177,,2019/05/22,296508704,28752,6472,,102582766405,9.351,,117634,10313,,,,1861365672,,,12169,410,bitcoin sv,bsv
178,,2019/05/23,134330945,29714,4972,,99223762157,10.746,,546284,4521,,,,1787049302,,,12649,376,bitcoin sv,bsv
179,,2019/05/24,154617109,32000,5184,,94961741348,9.6,,186082,4832,,,,1761522494,,,11162,186,bitcoin sv,bsv
180,,2019/05/25,123673537,39952,4679,,97048790099,10.511,,154990,3096,,,,1687621745,,,9952,153,bitcoin sv,bsv
181,,2019/05/26,160777918,41613,5195,,92000794833,9.057,,198042,3864,,,,1730148737,,,11658,229,bitcoin sv,bsv
182,,2019/05/27,199357656,36922,5875,,95989447476,10.909,,173493,5399,,,,2018782438,,,11932,256,bitcoin sv,bsv
183,,2019/05/28,260055335,40610,5650,,91029730152,10.746,,472408,6404,,,,2136204895,,,13654,217,bitcoin sv,bsv
184,,2019/05/29,423657154,38655,8632,,153262124858,7.461,,315995,10960,,,,2655368421,,,14733,454,bitcoin sv,bsv
185,,2019/05/30,1032584837,39793,11163,,175549733048,10.36,,152925,25949,,,,3727948699,,,21198,671,bitcoin sv,bsv
186,,2019/05/31,483474649,41339,12451,,155578838276,12.101,,204159,11695,,,,3318879332,,,17773,441,bitcoin sv,bsv
187,,2019/06/01,385025416,45836,14831,,178908556362,9.796,,245134,8400,,,,3384512592,,,28081,148,bitcoin sv,bsv
188,,2019/06/02,222236091,43351,10498,,163148503893,9.351,,270245,5126,,,,3359601033,,,19472,141,bitcoin sv,bsv
189,,2019/06/03,414601178,42745,11082,,184256607648,9.114,,119617,9699,,,,3896277425,,,21612,281,bitcoin sv,bsv
190,,2019/06/04,369372786,44862,11767,,208941164010,9.057,,560397,8234,,,,3952309500,,,24536,322,bitcoin sv,bsv
191,,2019/06/05,633850040,43134,9006,,210197969464,10.827,,342461,14695,,,,3939455896,,,17484,325,bitcoin sv,bsv
192,,2019/06/06,608285998,43572,6669,,197538447376,10.827,,141933,13960,,,,3516574015,,,12126,217,bitcoin sv,bsv
193,,2019/06/07,232609737,46001,6599,,210312081789,9.172,,117853,5057,,,,3542682728,,,13591,140,bitcoin sv,bsv
194,,2019/06/08,313508249,48993,6139,,195653634747,9.412,,159845,6399,,,,3474002461,,,10549,102,bitcoin sv,bsv
195,,2019/06/09,261944785,50426,6767,,199105541367,10.213,,372900,5195,,,,3387658321,,,12320,101,bitcoin sv,bsv
196,,2019/06/10,253129699,50860,5954,,201952058650,10.746,,146697,4977,,,,3311399308,,,10390,234,bitcoin sv,bsv
197,,2019/06/11,312807518,48027,5766,,175162675180,10.667,,145856,6570,,,,3321770037,,,9659,220,bitcoin sv,bsv
198,,2019/06/12,238798810,50413,5073,,180692801091,10.588,,208028,4737,,,,3355734607,,,8467,124,bitcoin sv,bsv
199,,2019/06/13,297675580,48735,5022,,191903480387,9.29,,125816,6108,,,,3652242164,,,8551,218,bitcoin sv,bsv
200,,2019/06/14,263131497,50361,4997,,219000059346,9.6,,129318,5225,,,,3712310955,,,7526,153,bitcoin sv,bsv
201,,2019/06/15,266181020,52750,5846,,206741057645,10.746,,183278,5046,,,,3764338551,,,9051,168,bitcoin sv,bsv
202,,2019/06/16,234893981,56046,5478,,187984416117,9.931,,159156,4191,,,,3775655849,,,8512,136,bitcoin sv,bsv
203,,2019/06/17,376774746,56432,5840,,185875495347,9.931,,181499,6677,,,,3904189011,,,10060,131,bitcoin sv,bsv
204,,2019/06/18,291825756,57895,5630,,180169613030,9.664,,147627,5041,,,,3954716694,,,9334,181,bitcoin sv,bsv
205,,2019/06/19,287480755,59724,6068,,192676272943,11.339,,214475,4813,,,,3982366496,,,9672,108,bitcoin sv,bsv
206,,2019/06/20,416081207,54854,6476,,174188770554,9.863,,174433,7585,,,,3905092976,,,10388,184,bitcoin sv,bsv
207,,2019/06/21,410458372,68184,6076,,167963465181,10.07,,230613,6020,,,,3945506498,,,9786,370,bitcoin sv,bsv
208,,2019/06/22,488922017,63766,6759,,168247013683,9.73,,212248,7667,,,,4167804968,,,11295,96,bitcoin sv,bsv
209,,2019/06/23,335231323,57252,6152,,182352718914,10.07,,204333,5855,,,,4291990910,,,9604,107,bitcoin sv,bsv
210,,2019/06/24,405657261,69060,6857,,169391642672,10.992,,267572,5874,,,,4197884730,,,12715,125,bitcoin sv,bsv
211,,2019/06/25,226201408,70985,7156,,154136154936,10,,506373,3187,,,,4229179788,,,11584,162,bitcoin sv,bsv
212,,2019/06/26,587857517,71812,9644,,146623177858,10.827,,430711,8186,,,,4249168161,,,74710,218,bitcoin sv,bsv
213,,2019/06/27,556751856,75037,9371,,141683402074,9.114,,235108,7420,,,,3642867328,,,14835,242,bitcoin sv,bsv
214,,2019/06/28,190111937,75350,8312,,150118322423,10.909,,366283,2523,,,,3761832395,,,13380,209,bitcoin sv,bsv
215,,2019/06/29,160136553,78276,8309,,148321156917,9.29,,404943,2046,,,,3748817205,,,13086,122,bitcoin sv,bsv
216,,2019/06/30,485640821,78094,7798,,145872798494,9.796,,243972,6219,,,,3676900559,,,12448,116,bitcoin sv,bsv
217,,2019/07/01,389011847,76991,8020,,146252665550,9.796,,277815,5053,,,,3490626006,,,12122,274,bitcoin sv,bsv
218,,2019/07/02,127113708,79221,9425,,154009649104,10.588,,307674,1605,,,,3431360547,,,15248,237,bitcoin sv,bsv
219,,2019/07/03,100476707,79015,10915,,142928681994,10.511,,539666,1272,,,,3581089981,,,19939,264,bitcoin sv,bsv
220,,2019/07/04,284067395,84739,11425,,135095879481,9.664,,549779,3352,,,,3588640048,,,18370,195,bitcoin sv,bsv
221,,2019/07/05,79553816,85909,12283,,140719400002,9.73,,642971,927.619,,,,3550553623,,,20372,201,bitcoin sv,bsv
222,,2019/07/06,96322781,90732,11660,,143331545467,10.07,,1003313,1062,,,,3561192611,,,19497,170,bitcoin sv,bsv
223,,2019/07/07,89914054,89820,11068,,145511059310,9.931,,2234387,1001,,,,3536184420,,,17630,163,bitcoin sv,bsv
224,,2019/07/08,126654605,88308,10381,,146707959439,12.522,,672449,1434,,,,3555149955,,,20172,174,bitcoin sv,bsv
225,,2019/07/09,207849306,90686,9923,,171245055674,9.351,,492707,2292,,,,3670633003,,,18046,147,bitcoin sv,bsv
226,,2019/07/10,298599989,94366,10594,,149657810948,9.412,,872417,3167,,,,3533277112,,,17530,116,bitcoin sv,bsv
227,,2019/07/11,405039912,92472,12169,,142806877352,10.07,,405487,4380,,,,3005001838,,,21273,144,bitcoin sv,bsv
228,,2019/07/12,263794860,95322,12574,,132914417703,9.931,,430283,2767,,,,2918431356,,,19457,258,bitcoin sv,bsv
229,,2019/07/13,132637100,94438,10029,,134576620566,10.07,,400822,1404,,,,2834498574,,,15225,176,bitcoin sv,bsv
230,,2019/07/14,136755397,91686,8688,,123820536593,10.511,,351107,1492,,,,2543725219,,,12936,144,bitcoin sv,bsv
231,,2019/07/15,183354086,92139,9480,,117041519642,11.339,,372245,1990,,,,2200594519,,,14423,231,bitcoin sv,bsv
232,,2019/07/16,146959839,97392,10747,,115060270701,10.07,,841466,1509,,,,2214232209,,,16811,180,bitcoin sv,bsv
233,,2019/07/17,92795264,96696,10023,,110320159175,9.664,,799596,959.66,,,,2101875219,,,18283,228,bitcoin sv,bsv
234,,2019/07/18,91294116,93711,8767,,126516337706,10.286,,360313,974.209,,,,2331170291,,,18756,314,bitcoin sv,bsv
235,,2019/07/19,142260288,95412,9082,,137834358361,9.474,,329565,1491,,,,2475644853,,,17111,234,bitcoin sv,bsv
236,,2019/07/20,163008241,71097,8874,,158022093744,9.29,,222579,2293,,,,2960815831,,,14338,252,bitcoin sv,bsv
237,,2019/07/21,219500896,91824,8906,,157549779551,9.863,,949704,2390,,,,3133322143,,,14339,222,bitcoin sv,bsv
238,,2019/07/22,184374931,97782,8757,,155979267832,9.474,,752369,1886,,,,3025764627,,,14622,228,bitcoin sv,bsv
239,,2019/07/23,109785615,80308,10155,,170503524588,9.29,,693862,1367,,,,3070185462,,,16552,201,bitcoin sv,bsv
240,,2019/07/24,51112999,199673,12515,,194962267923,9.29,,1964761,279.359,,,,2949084880,,,14898,370,bitcoin sv,bsv
241,,2019/07/25,27315563,102961,10253,,198205158994,16.18,,787613,265.3,,,,2976683583,,,15575,221,bitcoin sv,bsv
242,,2019/07/26,41754864,108577,9406,,208828534119,8.623,,454387,384.565,,,,2871231006,,,13347,168,bitcoin sv,bsv
243,,2019/07/27,32747435,109900,9671,,185347175096,10,,351351,297.975,,,,2782501336,,,13287,171,bitcoin sv,bsv
244,,2019/07/28,62269219,140781,11789,,182927217844,10.992,,20460199,442.313,,,,2651309785,,,15022,289,bitcoin sv,bsv
245,,2019/07/29,47838112,103534,10146,,153689701748,10.511,,1398298,462.052,,,,2639782225,,,14524,193,bitcoin sv,bsv
246,,2019/07/30,63509051,112937,10457,,188553553087,10.141,,861225,562.341,,,,2624985366,,,14305,159,bitcoin sv,bsv
247,,2019/07/31,70655163,117126,16972,,212578605770,8.372,,517458,603.241,,,,2645202867,,,33393,229,bitcoin sv,bsv
248,,2019/08/01,45308829,115332,14072,,211248657354,15,,1040862,392.856,,,,2582811342,,,22901,166,bitcoin sv,bsv
249,,2019/08/02,85267707,114522,12379,,201777313163,8.675,,310128,744.553,,,,2674885020,,,19808,154,bitcoin sv,bsv
250,,2019/08/03,56573938,1655251,9833,,181465480661,12.522,,4783191,34.178,,,,2712767185,,,14894,130,bitcoin sv,bsv
251,,2019/08/04,48739633,152343,9449,,173756132825,8.471,,1189224,319.934,,,,2676196114,,,13548,154,bitcoin sv,bsv
252,,2019/08/05,59996766,474802,12684,,172145919103,10.36,,1068484,126.362,,,,2758155694,,,20452,143,bitcoin sv,bsv
253,,2019/08/06,84513873,115212,11768,,161532672450,10.36,,786368,733.551,,,,2751370337,,,18899,155,bitcoin sv,bsv
254,,2019/08/07,44852613,118860,16224,,162720758692,9.536,,398006,377.357,,,,2637399427,,,24202,116,bitcoin sv,bsv
255,,2019/08/08,87406645,118879,16583,,162064191262,11.52,,531514,735.257,,,,2585360253,,,22951,129,bitcoin sv,bsv
256,,2019/08/09,67165775,118548,15732,,193637269937,8.571,,335873,566.57,,,,2557641619,,,23532,141,bitcoin sv,bsv
257,,2019/08/10,36941965,117151,12404,,186601859185,13.846,,597354,315.336,,,,2555164192,,,16838,103,bitcoin sv,bsv
258,,2019/08/11,30370027,116137,10998,,156646596535,8.727,,497567,261.502,,,,2584456621,,,14612,85,bitcoin sv,bsv
259,,2019/08/12,63937262,97162,11982,,160628130966,10.36,,960578,658.048,,,,2579686010,,,17030,298,bitcoin sv,bsv
260,,2019/08/13,51925105,117149,12420,,145044756569,10.588,,535905,443.24,,,,2549540880,,,20164,114,bitcoin sv,bsv
261,,2019/08/14,71310905,118918,13797,,141443941870,9.6,,593193,599.665,,,,2609110664,,,19772,188,bitcoin sv,bsv
262,,2019/08/15,60026223,118065,12871,,152502454055,10.667,,485816,508.417,,,,2384277942,,,18934,177,bitcoin sv,bsv
263,,2019/08/16,36682607,116742,12536,,159613715411,9.057,,428217,314.219,,,,2425730028,,,17330,215,bitcoin sv,bsv
264,,2019/08/17,24513065,114532,10716,,158808491634,13.333,,567449,214.028,,,,2414509806,,,14553,168,bitcoin sv,bsv
265,,2019/08/18,36162187,111968,10709,,166278590247,9.474,,373629,322.969,,,,2424298996,,,14855,129,bitcoin sv,bsv
266,,2019/08/19,40015756,121069,14512,,187507467163,8.421,,562624,330.52,,,,2539325630,,,21754,156,bitcoin sv,bsv
267,,2019/08/20,51420441,117869,13684,,178808664742,10.827,,697345,436.251,,,,2544925401,,,20092,181,bitcoin sv,bsv
268,,2019/08/21,56419717,118614,17180,,155197839544,11.613,,776464,475.658,,,,2407844182,,,20198,131,bitcoin sv,bsv
269,,2019/08/22,30387393,117650,13931,,141179836764,9.412,,705920,258.286,,,,2395899238,,,20915,155,bitcoin sv,bsv
270,,2019/08/23,30351953,115332,12797,,137195326309,10,,653269,263.17,,,,2425815268,,,18398,207,bitcoin sv,bsv
271,,2019/08/24,23920583,120133,15007,,133644606987,10.07,,575977,199.118,,,,2392745849,,,20004,127,bitcoin sv,bsv
272,,2019/08/25,24447755,117427,13018,,133570533949,10.435,,505737,208.195,,,,2382997310,,,20718,105,bitcoin sv,bsv
273,,2019/08/26,49404213,116352,13153,,131009188046,10.07,,695245,424.61,,,,2398435273,,,18385,119,bitcoin sv,bsv
274,,2019/08/27,44989963,116470,11703,,141410076844,9.29,,483252,386.279,,,,2357844331,,,16552,118,bitcoin sv,bsv
275,,2019/08/28,45483319,123814,14119,,135552827967,10.909,,719676,367.352,,,,2352917854,,,20963,104,bitcoin sv,bsv
276,,2019/08/29,37995944,121820,15224,,145242686670,9.412,,422187,311.902,,,,2265270106,,,22815,118,bitcoin sv,bsv
277,,2019/08/30,60346120,126146,14531,,140243120389,9.73,,560356,478.383,,,,2315940102,,,27658,173,bitcoin sv,bsv
278,,2019/08/31,32736110,122980,13270,,138851355777,10.36,,496874,266.191,,,,2319123471,,,25304,63,bitcoin sv,bsv
279,,2019/09/01,34168647,130680,12989,,140844275116,9.931,,996128,261.468,,,,2313057472,,,24335,112,bitcoin sv,bsv
280,,2019/09/02,45005567,130998,15431,,142607905221,10.141,,546718,343.559,,,,2380659995,,,26837,156,bitcoin sv,bsv
281,,2019/09/03,35321052,133943,14757,,136448150639,10,,1067185,263.702,,,,2426445755,,,27386,138,bitcoin sv,bsv
282,,2019/09/04,50116811,176949,22784,,130137755739,10.36,,3470951,283.227,,,,2397741146,,,31883,179,bitcoin sv,bsv
283,,2019/09/05,38668629,140629,22590,,132401299687,10.213,,576327,274.969,,,,2357612956,,,32355,125,bitcoin sv,bsv
284,,2019/09/06,61490732,135660,20960,,132270542813,9.73,,886333,453.271,,,,2380797990,,,28062,123,bitcoin sv,bsv
285,,2019/09/07,33948646,130097,18043,,135255384437,10,,502379,260.949,,,,2384821695,,,24207,113,bitcoin sv,bsv
286,,2019/09/08,47487068,135536,18244,,140073003486,10.213,,494450,350.365,,,,2434076580,,,25745,63,bitcoin sv,bsv
287,,2019/09/09,127050870,131150,18371,,140958341373,10,,505712,968.745,,,,2384201170,,,29011,107,bitcoin sv,bsv
288,,2019/09/10,172310029,138075,32872,,136864117912,9.6,,690466,1248,,,,2290248349,,,41826,122,bitcoin sv,bsv
289,,2019/09/11,132229140,129639,20184,,136775269400,10.141,,550886,1020,,,,2196292478,,,29019,99,bitcoin sv,bsv
290,,2019/09/12,58924788,134295,19835,,135241676069,10.667,,469565,438.771,,,,2125772754,,,29305,142,bitcoin sv,bsv
291,,2019/09/13,55018753,142608,21032,,132104916365,9.351,,466190,385.804,,,,2110182492,,,37653,106,bitcoin sv,bsv
292,,2019/09/14,33392064,136187,20206,,135788092667,10.286,,586331,245.193,,,,2129106509,,,26623,104,bitcoin sv,bsv
293,,2019/09/15,36046220,147523,22642,,138607499185,9.796,,604920,244.343,,,,2179696619,,,30191,104,bitcoin sv,bsv
294,,2019/09/16,88478182,152067,22737,,145203759695,9.796,,678575,581.837,,,,2199776444,,,32229,120,bitcoin sv,bsv
295,,2019/09/17,44346912,156568,22202,,143321567358,9.474,,680314,283.244,,,,2211895388,,,30830,94,bitcoin sv,bsv
296,,2019/09/18,152984665,139833,22417,,145021694993,9.863,,1548362,1100,,,,2269173529,,,32325,100,bitcoin sv,bsv
297,,2019/09/19,87658059,136667,22190,,147842463025,10.827,,674859,641.399,,,,2184577129,,,31641,161,bitcoin sv,bsv
298,,2019/09/20,30092585,889443,17897,,143618653647,10.667,,2017409,33.833,,,,2226600449,,,25088,189,bitcoin sv,bsv
299,,2019/09/21,25896617,136272,18909,,166467588589,9.412,,768524,190.036,,,,2209016592,,,26156,101,bitcoin sv,bsv
300,,2019/09/22,34789774,135954,18146,,157942428053,9.474,,931393,255.894,,,,2161367052,,,24678,89,bitcoin sv,bsv
301,,2019/09/23,30939958,155850,25530,,151952844091,10.435,,724408,198.524,,,,2131602890,,,38630,281,bitcoin sv,bsv
302,,2019/09/24,186345814,137746,13318,,155140700312,12,,798476,1353,,,,1887153800,,,20102,204,bitcoin sv,bsv
303,,2019/09/25,59173653,188272,17568,,124256758969,9.931,,1322549,314.299,,,,1537852134,,,26881,184,bitcoin sv,bsv
304,,2019/09/26,56216800,167090,26842,,127905563482,9.29,,521466,336.446,,,,1514748070,,,40459,160,bitcoin sv,bsv
305,,2019/09/27,33441695,222704,26746,,128730930203,9.863,,1809559,150.162,,,,1492060984,,,35241,194,bitcoin sv,bsv
306,,2019/09/28,24241225,284476,26897,,135809590679,10.667,,1123553,85.214,,,,1510688431,,,29669,160,bitcoin sv,bsv
307,,2019/09/29,17435570,155877,17393,,128531386170,9.73,,517363,111.855,,,,1494372927,,,24755,157,bitcoin sv,bsv
308,,2019/09/30,28098138,230408,33655,,132217147828,9.536,,8203786,121.949,,,,1524505521,,,171798,236,bitcoin sv,bsv
309,,2019/10/01,19385371,170824,17957,,134625398704,10.667,,2929890,113.482,,,,1551743848,,,25755,208,bitcoin sv,bsv
310,,2019/10/02,21500461,158624,15384,,127701551822,9.796,,529022,135.544,,,,1507720743,,,25203,212,bitcoin sv,bsv
311,,2019/10/03,16226296,205450,13905,,133268159320,9.6,,652201,78.979,,,,1497959709,,,20094,190,bitcoin sv,bsv
312,,2019/10/04,19010878,202982,13612,,135913850130,10.07,,597142,93.658,,,,1497996501,,,17799,139,bitcoin sv,bsv
313,,2019/10/05,8750612,192363,17513,,131270769657,10.435,,684250,45.49,,,,1491045337,,,23145,131,bitcoin sv,bsv
314,,2019/10/06,15002919,288588,19092,,138570181781,9.796,,974926,51.987,,,,1490696226,,,25128,129,bitcoin sv,bsv
315,,2019/10/07,14393423,219562,18087,,135499298638,10.992,,1538640,65.555,,,,1507039116,,,22318,217,bitcoin sv,bsv
316,,2019/10/08,14351040,204954,14895,,156195660572,9.474,,644617,70.021,,,,1521111611,,,20612,169,bitcoin sv,bsv
317,,2019/10/09,15276914,220302,20001,,141470878918,9.412,,639551,69.345,,,,1565599309,,,31119,124,bitcoin sv,bsv
318,,2019/10/10,26918276,217081,21915,,139208667690,10.511,,890696,124.001,,,,1613344825,,,40903,283,bitcoin sv,bsv
319,,2019/10/11,24864232,213272,16227,,137968427180,10.286,,677226,116.585,,,,1544193595,,,27622,304,bitcoin sv,bsv
320,,2019/10/12,18418867,195329,14417,,142482701977,9.863,,589500,94.297,,,,1537981330,,,21057,139,bitcoin sv,bsv
321,,2019/10/13,15743000,187875,13901,,136972346676,10.36,,606436,83.795,,,,1584017796,,,19637,163,bitcoin sv,bsv
322,,2019/10/14,14822998,208793,20178,,136013391584,9.73,,615114,70.994,,,,1565697589,,,29317,184,bitcoin sv,bsv
323,,2019/10/15,14698940,180360,18814,,156337994902,10.141,,598714,81.498,,,,1584119095,,,29814,230,bitcoin sv,bsv
324,,2019/10/16,31169930,202212,16228,,148216816261,9.412,,761282,154.145,,,,1610643061,,,25648,285,bitcoin sv,bsv
325,,2019/10/17,36465897,206123,18043,,144462588517,10,,763039,176.913,,,,1588009442,,,26896,181,bitcoin sv,bsv
326,,2019/10/18,23828031,217633,19755,,147392471544,9.863,,645457,109.487,,,,1620485156,,,31888,136,bitcoin sv,bsv
327,,2019/10/19,35028079,202330,16923,,146785363378,10,,602378,173.124,,,,1635148021,,,24213,104,bitcoin sv,bsv
328,,2019/10/20,20393686,223997,23686,,148001278645,9.664,,655045,91.044,,,,1653050421,,,29125,178,bitcoin sv,bsv
329,,2019/10/21,98439912,221033,26544,,172694643297,9.057,,685008,445.363,,,,1850803438,,,36220,183,bitcoin sv,bsv
330,,2019/10/22,50089995,250827,21396,,185039699768,10.909,,1886921,199.699,,,,1975707366,,,31544,262,bitcoin sv,bsv
331,,2019/10/23,39788744,337667,29769,,175724831976,10,,1508265,117.834,,,,1812894061,,,37302,245,bitcoin sv,bsv
332,,2019/10/24,79931928,288273,23518,,189079496830,9.412,,928189,277.279,,,,1845251696,,,32676,212,bitcoin sv,bsv
333,,2019/10/25,68453852,318172,35019,,199162224574,9.931,,1001203,215.147,,,,2163298954,,,48423,346,bitcoin sv,bsv
334,,2019/10/26,70645010,491573,74405,,205681183013,9.664,,1247476,143.712,,,,2495964111,,,137125,175,bitcoin sv,bsv
335,,2019/10/27,47603945,348031,71855,,201982061591,10.286,,1065979,136.781,,,,2535592736,,,102055,204,bitcoin sv,bsv
336,,2019/10/28,113724797,289612,38018,,195961182586,10.213,,1041245,392.68,,,,2522341562,,,65053,133,bitcoin sv,bsv
337,,2019/10/29,94795428,274948,35183,,215077962917,10.588,,914179,344.776,,,,2528623464,,,57705,151,bitcoin sv,bsv
338,,2019/10/30,94345186,165947,28226,,199906490830,9.73,,690786,568.526,,,,2482584129,,,35142,214,bitcoin sv,bsv
339,,2019/10/31,95945854,280766,39651,,195112723361,10.511,,856514,341.729,,,,2368179515,,,44151,304,bitcoin sv,bsv
340,,2019/11/01,58628922,301943,33764,,202297347564,10.07,,906581,194.859,,,,2316091299,,,39248,170,bitcoin sv,bsv
341,,2019/11/02,62523687,255038,33249,,191985288741,9.536,,788794,245.504,,,,2361500698,,,38643,105,bitcoin sv,bsv
342,,2019/11/03,63638291,217004,26161,,200674781662,9.664,,792889,293.259,,,,2354745146,,,34513,88,bitcoin sv,bsv
343,,2019/11/04,51609685,205063,38322,,206828884334,9.863,,792408,251.677,,,,2319907771,,,46823,89,bitcoin sv,bsv
344,,2019/11/05,68651729,366631,41785,,222030648642,10.435,,1173741,187.25,,,,2448928492,,,56760,150,bitcoin sv,bsv
345,,2019/11/06,40256267,164158,31317,,214223689804,10,,598181,245.229,,,,2518951267,,,38879,126,bitcoin sv,bsv
346,,2019/11/07,39636686,180801,26096,,207133889070,10.213,,801331,219.228,,,,2441575211,,,32956,143,bitcoin sv,bsv
347,,2019/11/08,45358228,188776,21602,,184576612310,10,,683915,240.275,,,,2317513328,,,30371,151,bitcoin sv,bsv
348,,2019/11/09,31500535,202086,31960,,192252161211,9.73,,621392,155.877,,,,2321186383,,,21475,139,bitcoin sv,bsv
349,,2019/11/10,38927134,162661,11224,,193031389959,10.07,,697920,239.314,,,,2423588613,,,17530,72,bitcoin sv,bsv
350,,2019/11/11,71055238,157561,27214,,200050791181,10,,506619,450.97,,,,2402997199,,,37486,146,bitcoin sv,bsv
351,,2019/11/12,40197289,242690,35487,,196502528058,10,,865623,165.632,,,,2402296157,,,46416,224,bitcoin sv,bsv
352,,2019/11/13,57585752,391541,39415,,196254196482,9.664,,1449179,147.075,,,,2360920215,,,57627,140,bitcoin sv,bsv
353,,2019/11/14,28261675,552382,40643,,196634441699,10.909,,1926866,51.163,,,,2304575046,,,57595,262,bitcoin sv,bsv
354,,2019/11/15,60733087,420076,39108,,188720963101,10.213,,1462547,144.576,,,,2266568748,,,54795,251,bitcoin sv,bsv
355,,2019/11/16,32126213,454919,36450,,202173611010,9.231,,1414937,70.62,,,,2237755276,,,32028,181,bitcoin sv,bsv
356,,2019/11/17,18093524,394971,30309,,200661369627,10.435,,1384575,45.81,,,,2255539267,,,39465,172,bitcoin sv,bsv
357,,2019/11/18,30219115,464075,29472,,193056731664,11.077,,2429420,65.117,,,,2191508279,,,43520,163,bitcoin sv,bsv
358,,2019/11/19,50847791,572152,26455,,170280303916,10.213,,1959872,88.871,,,,2023821084,,,40068,243,bitcoin sv,bsv
359,,2019/11/20,27866595,503242,27707,,172450380473,9.863,,1688791,55.374,,,,1967829952,,,46305,162,bitcoin sv,bsv
360,,2019/11/21,34953748,449101,31655,,198830838012,9.172,,1342842,77.83,,,,1875793544,,,42356,181,bitcoin sv,bsv
361,,2019/11/22,45900782,386392,31736,,185623630235,9.931,,1208146,118.957,,,,1755281840,,,44259,181,bitcoin sv,bsv
362,,2019/11/23,27022646,399856,28740,,198425665310,9.114,,1181445,67.581,,,,1815408912,,,41539,140,bitcoin sv,bsv
363,,2019/11/24,24204963,331050,24260,,214441088406,10.909,,1330150,73.116,,,,1897148226,,,37571,165,bitcoin sv,bsv
364,,2019/11/25,57346969,355406,28469,,201808394602,9.931,,1257249,161.356,,,,1848148894,,,46873,207,bitcoin sv,bsv
365,,2019/11/26,63891656,410215,49360,,220344797140,10.992,,1778185,155.752,,,,1935021052,,,77639,207,bitcoin sv,bsv
366,,2019/11/27,58042074,482712,25944,,186295026788,9.664,,2021164,120.242,,,,1924998947,,,43484,198,bitcoin sv,bsv
367,,2019/11/28,49824816,324206,51570,,186829256630,9.73,,1090456,153.683,,,,1952276745,,,68369,108,bitcoin sv,bsv
368,,2019/11/29,31159899,438172,44758,,189308500450,10,,1678528,71.113,,,,1958248828,,,55610,113,bitcoin sv,bsv
369,,2019/11/30,22309374,391059,35274,,190085061073,9.863,,1431678,57.049,,,,1958557969,,,50279,84,bitcoin sv,bsv
370,,2019/12/01,19485533,396877,28782,,193452198461,10.588,,1538590,49.097,,,,1883818447,,,42901,134,bitcoin sv,bsv
371,,2019/12/02,31265474,413869,18072,,199217838484,10.667,,1804560,75.544,,,,1833377876,,,26776,107,bitcoin sv,bsv
372,,2019/12/03,29282172,583313,19654,,178219142860,9.796,,1798929,50.2,,,,1781794303,,,30773,216,bitcoin sv,bsv
373,,2019/12/04,40982865,519318,24435,,178685397043,9.931,,1839550,78.917,,,,1754735454,,,35381,188,bitcoin sv,bsv
374,,2019/12/05,34073461,523725,34074,,183480115722,10.435,,1975098,65.06,,,,1732020590,,,67855,238,bitcoin sv,bsv
375,,2019/12/06,37259071,843338,36370,,175442448927,9.664,,2664520,44.18,,,,1740194464,,,57141,221,bitcoin sv,bsv
376,,2019/12/07,23837848,663761,34786,,173879404270,10.07,,2300677,35.913,,,,1756301286,,,42204,340,bitcoin sv,bsv
377,,2019/12/08,27526583,675196,17600,,169191182955,10.36,,2230374,40.768,,,,1753737405,,,24381,143,bitcoin sv,bsv
378,,2019/12/09,50903409,744557,24526,,168888214578,10.36,,2590480,68.367,,,,1743288104,,,64496,118,bitcoin sv,bsv
379,,2019/12/10,53516548,527712,22828,,169484874812,9.536,,1704319,101.412,,,,1740456636,,,30036,144,bitcoin sv,bsv
380,,2019/12/11,27150950,643029,26875,,186178540952,9.412,,1967870,42.224,,,,1734066830,,,38207,158,bitcoin sv,bsv
381,,2019/12/12,40247899,581601,23799,,183376922106,10.07,,1948676,69.202,,,,1698639342,,,30288,98,bitcoin sv,bsv
382,,2019/12/13,25333608,519416,18631,,178035081304,10.286,,1640481,48.773,,,,1690218327,,,25107,135,bitcoin sv,bsv
383,,2019/12/14,21086264,474606,16274,,182909108399,10.141,,1391241,44.429,,,,1698250249,,,21611,64,bitcoin sv,bsv
384,,2019/12/15,31956722,432784,13684,,179891187565,10.511,,1359399,73.84,,,,1690216159,,,18995,109,bitcoin sv,bsv
385,,2019/12/16,23619958,425132,13565,,178251767579,9.114,,1204859,55.559,,,,1674641012,,,22345,85,bitcoin sv,bsv
386,,2019/12/17,35610725,553916,27243,,185124320205,11.25,,1672974,64.441,,,,1559210991,,,33225,129,bitcoin sv,bsv
387,,2019/12/18,38954923,598934,33256,,171164106823,10,,1459777,65.04,,,,1482289170,,,44071,150,bitcoin sv,bsv
388,,2019/12/19,76634879,533891,19330,,155291491798,10.141,,1503127,149.155,,,,1533895718,,,27517,134,bitcoin sv,bsv
389,,2019/12/20,30614187,472332,17405,,158038729765,9.73,,1280464,64.815,,,,1586685451,,,21833,116,bitcoin sv,bsv
390,,2019/12/21,21852295,498964,15153,,158404914015,9.863,,1362620,43.795,,,,1580402862,,,20252,78,bitcoin sv,bsv
391,,2019/12/22,15441053,504334,33684,,167426063893,10.141,,1696303,30.617,,,,1579600759,,,34661,69,bitcoin sv,bsv
392,,2019/12/23,41997500,504957,19324,,167477041156,10.36,,3291462,83.17,,,,1606910619,,,26122,123,bitcoin sv,bsv
393,,2019/12/24,19321501,414158,24599,,165474031820,9.6,,3622106,46.652,,,,1578820557,,,30760,85,bitcoin sv,bsv
394,,2019/12/25,13042980,419164,17871,,167547136903,10.141,,1250927,31.117,,,,1579226020,,,22885,130,bitcoin sv,bsv
395,,2019/12/26,20636463,471594,31781,,164314092172,10,,1426681,43.759,,,,1586425800,,,46387,122,bitcoin sv,bsv
396,,2019/12/27,36278308,470789,15719,,174046560870,9.931,,1318801,77.059,,,,1613798651,,,21611,110,bitcoin sv,bsv
397,,2019/12/28,36387489,525093,27444,,175304156381,9.536,,1393552,69.297,,,,1695384022,,,24497,104,bitcoin sv,bsv
398,,2019/12/29,24420525,501662,17108,,176706070309,9.863,,1402896,48.679,,,,1768640038,,,21402,113,bitcoin sv,bsv
399,,2019/12/30,124718721,471525,17855,,184758347418,9.796,,1322643,264.501,,,,1793456843,,,24087,137,bitcoin sv,bsv
400,,2019/12/31,35824925,420635,22440,,189023448144,10.435,,1289530,85.169,,,,1766308061,,,24837,136,bitcoin sv,bsv
401,,2020/01/01,22259365,419418,26163,,186626990814,9.796,,1190417,53.072,,,,1797624569,,,28985,90,bitcoin sv,bsv
402,,2020/01/02,42511768,447842,17776,,199312067531,10,,1265501,94.926,,,,1735755505,,,22731,188,bitcoin sv,bsv
403,,2020/01/03,62597232,480849,19260,,202322340287,9.6,,1344533,135.722,,,,1797417466,,,25804,126,bitcoin sv,bsv
404,,2020/01/04,44584987,395501,19512,,211869174935,9.863,,1119520,112.73,,,,1935415849,,,26121,109,bitcoin sv,bsv
405,,2020/01/05,39027848,478255,17617,,222242938605,9.351,,1279912,81.605,,,,2034406329,,,24419,135,bitcoin sv,bsv
406,,2020/01/06,47613498,475531,15933,,224703264145,9.863,,1740604,100.127,,,,2113567541,,,25831,142,bitcoin sv,bsv
407,,2020/01/07,58477481,397851,16609,,227859592092,10.909,,1351563,146.983,,,,2078551500,,,23495,92,bitcoin sv,bsv
408,,2020/01/08,56592882,174170,20069,,205352928762,10.213,,911821,324.929,,,,2080944074,,,28925,63,bitcoin sv,bsv
409,,2020/01/09,62483940,309822,16987,,208382239296,9.536,,929264,201.677,,,,2120778318,,,24951,85,bitcoin sv,bsv
410,,2020/01/10,117018624,519792,22731,,256295641860,8.675,,1309465,225.126,,,,2424528307,,,34400,212,bitcoin sv,bsv
411,,2020/01/11,168448154,512459,33605,,294800018518,11.163,,1610481,328.706,,,,2967244569,,,34924,219,bitcoin sv,bsv
412,,2020/01/12,75548560,453118,18554,,295478194921,9.796,,1961882,166.73,,,,2919217330,,,26703,170,bitcoin sv,bsv
413,,2020/01/13,81834770,489906,35079,,295537577779,9.6,,4812540,167.042,,,,3016483449,,,45819,155,bitcoin sv,bsv
414,,2020/01/14,733530935,622468,101502,,511162227248,7.31,,1516127,1178,,,,4620408935,,,98387,804,bitcoin sv,bsv
415,,2020/01/15,1429436554,455168,42823,,741360095955,12.522,,1716834,3140,,,,6331333491,,,64605,586,bitcoin sv,bsv
416,,2020/01/16,487471780,417871,30781,,554583615100,9.536,,1194881,1167,,,,5542434584,,,37579,310,bitcoin sv,bsv
417,,2020/01/17,1072695174,433876,39293,,526478606848,11.25,,1462687,2472,,,,5549652570,,,53828,246,bitcoin sv,bsv
418,,2020/01/18,325713804,366987,40140,,464682744936,10.141,,1601354,898.81,,,,4798117088,,,56700,559,bitcoin sv,bsv
419,,2020/01/19,302061187,375367,27483,,513995352890,9.351,,1086530,804.709,,,,4720915145,,,40783,261,bitcoin sv,bsv
420,,2020/01/20,377191077,450539,35182,,547853978531,9.351,,1268586,855.73,,,,5247949967,,,52484,726,bitcoin sv,bsv
421,,2020/01/21,313655518,459258,36864,,570658629801,9.796,,1447537,688.587,,,,5671714192,,,52219,937,bitcoin sv,bsv
422,,2020/01/22,401877921,540913,37909,,567865824937,9.73,,1524831,742.962,,,,5690370662,,,55595,681,bitcoin sv,bsv
423,,2020/01/23,391592061,432196,29791,,590922465547,11.901,,1530924,906.052,,,,5060920280,,,35376,648,bitcoin sv,bsv
424,,2020/01/24,190546114,449919,28359,,555862798166,10.36,,1403624,423.512,,,,4811122193,,,38267,597,bitcoin sv,bsv
425,,2020/01/25,181427717,406103,27579,,459942900260,9.474,,1172933,446.753,,,,4750695366,,,74289,571,bitcoin sv,bsv
426,,2020/01/26,183154492,451679,23474,,476274320693,9.796,,1255197,405.497,,,,4889366448,,,37569,325,bitcoin sv,bsv
427,,2020/01/27,311346405,434451,27665,,504873071610,9.536,,1234218,716.643,,,,5319682998,,,42704,704,bitcoin sv,bsv
428,,2020/01/28,278436854,563642,25307,,489357980307,9.664,,1571656,493.996,,,,5408323461,,,38959,484,bitcoin sv,bsv
429,,2020/01/29,556147952,678500,33569,,528792908916,10.286,,1973904,819.673,,,,5330941603,,,81798,229,bitcoin sv,bsv
430,,2020/01/30,317217796,495463,24976,,535210756182,10.141,,1591112,640.245,,,,5404937134,,,34827,325,bitcoin sv,bsv
431,,2020/01/31,222663166,408399,23541,,601503368502,12.101,,1557781,545.21,,,,5122654057,,,36088,241,bitcoin sv,bsv
432,,2020/02/01,225753244,736345,24581,,570694787197,10.511,,2390254,306.586,,,,5132820729,,,38383,153,bitcoin sv,bsv
433,,2020/02/02,295122359,213911,25286,,558659760169,8.78,,698162,1380,,,,5143446142,,,37874,403,bitcoin sv,bsv
434,,2020/02/03,125450881,437687,22101,,513555755699,10,,1262382,286.622,,,,5153356280,,,31934,480,bitcoin sv,bsv
435,,2020/02/04,102394447,533877,44898,,530100011229,10.909,,1645044,191.794,,,,4979466415,,,63887,1060,bitcoin sv,bsv
436,,2020/02/05,304719983,671421,41600,,485340040995,9.73,,2181048,453.843,,,,5166893104,,,60119,379,bitcoin sv,bsv
437,,2020/02/06,414068530,627259,42330,,471580089571,9.412,,1890085,660.124,,,,5440873905,,,56527,217,bitcoin sv,bsv
438,,2020/02/07,336776364,546643,27311,,476526297690,10,,1976968,616.081,,,,5358382590,,,39915,256,bitcoin sv,bsv
439,,2020/02/08,301635794,536584,21827,,538897282395,9.664,,1868723,562.141,,,,6045397567,,,34361,233,bitcoin sv,bsv
440,,2020/02/09,255524102,586560,22034,,559470895588,9.664,,1875206,435.632,,,,6365436062,,,37687,313,bitcoin sv,bsv
441,,2020/02/10,326259620,450382,22788,,567937438138,10,,1526016,724.406,,,,6336692761,,,33801,328,bitcoin sv,bsv
442,,2020/02/11,502181355,642216,23639,,578818164868,10,,2299165,781.951,,,,6550708481,,,34119,241,bitcoin sv,bsv
443,,2020/02/12,676197200,555851,24909,,585306472527,10.992,,3123250,1217,,,,6767309871,,,39183,226,bitcoin sv,bsv
444,,2020/02/13,357697195,603284,24491,,547126002478,9.931,,5010507,592.917,,,,6570983553,,,36570,174,bitcoin sv,bsv
445,,2020/02/14,271005681,645174,23706,,532800663455,10.07,,2115053,420.051,,,,6551319838,,,38617,154,bitcoin sv,bsv
446,,2020/02/15,270666790,570162,23736,,538369828053,10.286,,2169245,474.719,,,,6260427485,,,36592,107,bitcoin sv,bsv
447,,2020/02/16,249015236,602534,19883,,528948178221,10.141,,1988472,413.28,,,,5504996643,,,32960,143,bitcoin sv,bsv
448,,2020/02/17,264592260,663952,23612,,513914703742,9.351,,1970066,398.511,,,,5222209185,,,38432,252,bitcoin sv,bsv
449,,2020/02/18,396688092,768509,21467,,504438338943,11.077,,2530120,516.179,,,,5646770686,,,32583,260,bitcoin sv,bsv
450,,2020/02/19,207790179,645390,21493,,490851399031,10,,2200914,321.961,,,,5599245898,,,31715,222,bitcoin sv,bsv
451,,2020/02/20,136241634,776463,22566,,506601712140,11.077,,2845108,175.464,,,,5332720784,,,42641,436,bitcoin sv,bsv
452,,2020/02/21,90919287,550987,22300,,482373657116,9.73,,1842663,165.012,,,,5294150637,,,34880,323,bitcoin sv,bsv
453,,2020/02/22,87370233,533122,21666,,465526339932,9.863,,1717441,163.884,,,,5153825760,,,41243,182,bitcoin sv,bsv
454,,2020/02/23,237995604,571033,36112,,469307236816,10.07,,1993209,416.781,,,,5290201959,,,58296,276,bitcoin sv,bsv
455,,2020/02/24,246951018,621230,24326,,472241483552,9.412,,1880775,409.699,,,,5207753905,,,41308,120,bitcoin sv,bsv
456,,2020/02/25,180823120,563309,21503,,466406209513,10.286,,1867670,321.002,,,,4892451016,,,35268,152,bitcoin sv,bsv
457,,2020/02/26,219455487,591862,25896,,414835402197,10.435,,2004758,370.788,,,,4262941496,,,43319,223,bitcoin sv,bsv
458,,2020/02/27,91099622,606192,19827,,404557214148,9.863,,2013758,150.282,,,,4194146542,,,32017,155,bitcoin sv,bsv
459,,2020/02/28,117953426,594362,19400,,407098839132,9.863,,1850187,198.454,,,,4017028036,,,31777,101,bitcoin sv,bsv
460,,2020/02/29,72619396,612663,17526,,404798122121,10.588,,2143041,118.531,,,,3937254108,,,25481,116,bitcoin sv,bsv
461,,2020/03/01,108132545,560312,17473,,430152074014,10,,1681792,192.986,,,,4106164523,,,25986,91,bitcoin sv,bsv
462,,2020/03/02,151395218,670123,19830,,441390112811,9.114,,2054211,225.922,,,,4406901751,,,29688,213,bitcoin sv,bsv
463,,2020/03/03,84501251,566499,18649,,511169479628,10.909,,2430748,149.164,,,,4547510273,,,43339,280,bitcoin sv,bsv
464,,2020/03/04,78021799,381975,18772,,465475216898,10.827,,1734484,204.259,,,,4374604210,,,27973,197,bitcoin sv,bsv
465,,2020/03/05,143731814,614120,21925,,443211840017,10,,1909507,234.045,,,,4421704637,,,34785,149,bitcoin sv,bsv
466,,2020/03/06,122847625,651305,20992,,427810168712,9.6,,2096469,188.618,,,,4486319801,,,43049,100,bitcoin sv,bsv
467,,2020/03/07,27767192,528749,20506,,424528491963,10,,1786004,52.515,,,,4431120525,,,30659,59,bitcoin sv,bsv
468,,2020/03/08,85794435,548794,20212,,426084893097,10.286,,1887606,156.333,,,,4019512752,,,28166,64,bitcoin sv,bsv
469,,2020/03/09,90031365,495095,19464,,419374426148,9.057,,1486758,181.847,,,,3583531527,,,29534,100,bitcoin sv,bsv
470,,2020/03/10,82045282,562251,18751,,434989794968,10.286,,1776688,145.923,,,,3631790605,,,27628,102,bitcoin sv,bsv
471,,2020/03/11,72823682,522674,17949,,427574081593,10.667,,1815381,139.329,,,,3535831558,,,27329,98,bitcoin sv,bsv
472,,2020/03/12,118213479,552513,19276,,473990399526,10.511,,1776987,213.956,,,,2724229497,,,28695,87,bitcoin sv,bsv
473,,2020/03/13,100529483,443220,18414,,398110977736,9.6,,1563967,226.816,,,,2058528304,,,28569,126,bitcoin sv,bsv
474,,2020/03/14,60640867,548723,16246,,388325390723,9.796,,1853471,110.513,,,,2198560384,,,23881,50,bitcoin sv,bsv
475,,2020/03/15,30082276,443525,16826,,384572042858,10.07,,1513861,67.825,,,,2192476288,,,22707,80,bitcoin sv,bsv
476,,2020/03/16,40849975,481215,17925,,387508844012,10.588,,1761748,84.889,,,,2052043525,,,26311,103,bitcoin sv,bsv
477,,2020/03/17,44136383,547822,18501,,367125695597,9.863,,1781307,80.567,,,,2120814857,,,25467,101,bitcoin sv,bsv
478,,2020/03/18,53089098,523482,16079,,358548888754,10.511,,1717771,101.415,,,,2107229245,,,22203,67,bitcoin sv,bsv
479,,2020/03/19,73369522,563913,17270,,359926145747,9.73,,1790941,130.108,,,,2430361743,,,24423,92,bitcoin sv,bsv
480,,2020/03/20,110671525,495311,18090,,407386541491,9.29,,1600858,223.438,,,,2958267589,,,25568,108,bitcoin sv,bsv
481,,2020/03/21,60995195,466466,15519,,445384272499,10.286,,1700265,130.76,,,,3023578963,,,21837,73,bitcoin sv,bsv
482,,2020/03/22,106033313,523640,17261,,453191200684,10.667,,1790056,202.493,,,,3079293255,,,27480,69,bitcoin sv,bsv
483,,2020/03/23,88550973,577322,17067,,436721908229,9.73,,1794760,153.382,,,,2994117295,,,25256,85,bitcoin sv,bsv
484,,2020/03/24,178387984,599851,16943,,456872084343,9.664,,1803732,298.668,,,,3220883971,,,24212,98,bitcoin sv,bsv
485,,2020/03/25,116984522,631673,18346,,460489618517,9.536,,1908116,185.198,,,,3166876513,,,24403,78,bitcoin sv,bsv
486,,2020/03/26,66594398,557781,18731,,461442121778,12.101,,2143685,119.392,,,,3144834390,,,25085,86,bitcoin sv,bsv
487,,2020/03/27,81247174,548992,16769,,386907513149,9.73,,1641322,147.993,,,,3154190731,,,22381,104,bitcoin sv,bsv
488,,2020/03/28,70978530,544601,24193,,377041989045,9.73,,1758805,130.331,,,,2884636603,,,29361,63,bitcoin sv,bsv
489,,2020/03/29,29614059,560277,17587,,383636334494,9.73,,1774959,54.361,,,,2831142604,,,23176,73,bitcoin sv,bsv
490,,2020/03/30,85137347,530318,17180,,377565534996,10.36,,1932218,160.673,,,,2912015828,,,24389,123,bitcoin sv,bsv
491,,2020/03/31,46266619,532115,19488,,394501535851,10,,1728905,86.949,,,,3051348746,,,28786,89,bitcoin sv,bsv
492,,2020/04/01,47573963,537236,21376,,377188040612,10.07,,1754488,88.553,,,,2990836992,,,27136,119,bitcoin sv,bsv
493,,2020/04/02,60413756,569488,23130,,376870424360,10,,1772169,106.084,,,,3163803769,,,27870,105,bitcoin sv,bsv
494,,2020/04/03,80270444,596011,23284,,375558306759,9.863,,1842868,134.679,,,,3281297345,,,28267,100,bitcoin sv,bsv
495,,2020/04/04,55704827,577497,22180,,369804950096,10.36,,1729478,96.459,,,,3257439962,,,27579,65,bitcoin sv,bsv
496,,2020/04/05,91780058,548405,20715,,374080429265,10.213,,1729389,167.471,,,,3237798582,,,25895,58,bitcoin sv,bsv
497,,2020/04/06,100839219,576307,22538,,370367581886,9.863,,1794078,174.975,,,,3366914448,,,28210,105,bitcoin sv,bsv
498,,2020/04/07,156030107,532949,19949,,377620938000,9.73,,1643606,292.838,,,,3475502896,,,26211,109,bitcoin sv,bsv
499,,2020/04/08,200649987,514787,20263,,451563846352,9.536,,1494378,393.82,,,,3867362817,,,28347,251,bitcoin sv,bsv
500,,2020/04/09,139587497,522313,20374,,456339697192,9.6,,1635733,276.387,,,,3980131970,,,28348,110,bitcoin sv,bsv
501,,2020/04/10,146867952,395739,23810,,429521307381,26.667,,3688746,371.123,,,,3549551296,,,28262,225,bitcoin sv,bsv
502,,2020/04/11,172107717,556253,21845,,267366076794,9.114,,1596963,309.405,,,,3395447698,,,32847,112,bitcoin sv,bsv
503,,2020/04/12,121684644,499414,19652,,233057531483,9.931,,1573447,243.655,,,,3499696516,,,26761,106,bitcoin sv,bsv
504,,2020/04/13,68751136,484699,21607,,238122994978,9.351,,1491921,141.843,,,,3417740220,,,31130,121,bitcoin sv,bsv
505,,2020/04/14,77010651,487022,28961,,236422886581,9.664,,1568440,158.126,,,,3490886090,,,39940,165,bitcoin sv,bsv
506,,2020/04/15,39079581,380167,21342,,229681167288,11.077,,1542210,103.261,,,,3452168906,,,29272,165,bitcoin sv,bsv
507,,2020/04/16,104338768,466662,20745,,231891246295,9.796,,1486350,223.585,,,,3461597090,,,29285,197,bitcoin sv,bsv
508,,2020/04/17,38365649,424834,19885,,241375884439,13.714,,2013006,90.307,,,,3567177612,,,26696,166,bitcoin sv,bsv
509,,2020/04/18,34724979,556886,21057,,236347665523,9.057,,1605108,62.356,,,,3603333518,,,26610,154,bitcoin sv,bsv
510,,2020/04/19,44431374,517072,20207,,224724988621,9.796,,1674073,85.929,,,,3664274826,,,25529,119,bitcoin sv,bsv
511,,2020/04/20,62156797,486463,20288,,233682591734,10.286,,1552886,127.773,,,,3523749258,,,27698,166,bitcoin sv,bsv
512,,2020/04/21,58560953,511461,22218,,229183678778,9.931,,2588551,114.497,,,,3356892779,,,27616,172,bitcoin sv,bsv
513,,2020/04/22,46324365,456894,21529,,231277946727,9.536,,2010715,101.39,,,,3441406535,,,27866,164,bitcoin sv,bsv
514,,2020/04/23,82793057,539975,22464,,233078639650,9.796,,1768642,153.328,,,,3541857494,,,44211,134,bitcoin sv,bsv
515,,2020/04/24,28923221,520581,21157,,237822771256,9.474,,1489489,55.56,,,,3577915731,,,41639,97,bitcoin sv,bsv
516,,2020/04/25,23991649,526277,19899,,237733322313,9.73,,2102082,45.587,,,,3574122746,,,44151,71,bitcoin sv,bsv
517,,2020/04/26,59134584,533595,20142,,218950150490,10,,1711049,110.823,,,,3593993006,,,41191,57,bitcoin sv,bsv
518,,2020/04/27,44343236,490544,18741,,219978185889,9.863,,1634668,90.396,,,,3573660763,,,23255,115,bitcoin sv,bsv
519,,2020/04/28,35932445,488268,19845,,238599244122,10.36,,1564567,73.592,,,,3567708626,,,24043,84,bitcoin sv,bsv
520,,2020/04/29,124181594,509662,22661,,224750222317,11.803,,1847921,243.655,,,,3694295017,,,26936,117,bitcoin sv,bsv
521,,2020/04/30,222355706,460309,21394,,244107046880,12.101,,1881198,483.057,,,,3923009914,,,27204,200,bitcoin sv,bsv
522,,2020/05/01,148413874,547726,23737,,209836207174,9.412,,1538190,270.964,,,,3861751656,,,27949,91,bitcoin sv,bsv
523,,2020/05/02,93338829,642512,22501,,206583394332,9.863,,2032760,145.272,,,,3873471614,,,25750,130,bitcoin sv,bsv
524,,2020/05/03,117432952,737366,22460,,210305329764,10.286,,2248099,159.26,,,,3884157800,,,26027,74,bitcoin sv,bsv
525,,2020/05/04,153773112,567310,22804,,210162411375,9.664,,1991832,271.057,,,,3710566270,,,29844,83,bitcoin sv,bsv
526,,2020/05/05,68911418,687370,22900,,229230340701,9.29,,2247972,100.254,,,,3772084094,,,28388,114,bitcoin sv,bsv
527,,2020/05/06,55380409,500130,24578,,263324920338,9,,1529601,110.732,,,,3783529515,,,29862,154,bitcoin sv,bsv
528,,2020/05/07,124039471,612650,25148,,269802766030,10.746,,1976178,202.464,,,,3749329405,,,29998,103,bitcoin sv,bsv
529,,2020/05/08,149762602,375168,23200,,214527915966,13.458,,1790898,399.188,,,,3857565551,,,27809,70,bitcoin sv,bsv
530,,2020/05/09,118444104,749313,22166,,183618511885,9.114,,2027013,158.07,,,,3915238664,,,27192,74,bitcoin sv,bsv
531,,2020/05/10,88292830,1265202,23447,,176966458058,10.909,,4136503,69.786,,,,3409019004,,,26832,72,bitcoin sv,bsv
532,,2020/05/11,84276936,1604576,25509,,310441146553,6.667,,2345019,52.77,,,,3352090332,,,33470,121,bitcoin sv,bsv
533,,2020/05/12,79866459,1770328,17869,,359681804019,11.613,,4243145,45.114,,,,3465560021,,,22230,129,bitcoin sv,bsv
534,,2020/05/13,86187122,2866060,18356,,349055114862,12.308,,6709021,30.072,,,,3468123277,,,24427,119,bitcoin sv,bsv
535,,2020/05/14,149002866,1359806,37102,,302834725251,10.213,,2903556,109.577,,,,3504972046,,,41306,130,bitcoin sv,bsv
536,,2020/05/15,81687415,695959,24487,,293831100172,9.863,,1601167,117.374,,,,3483475782,,,30041,70,bitcoin sv,bsv
537,,2020/05/16,57420106,2249437,34774,,306844047533,9.351,,4230728,25.526,,,,3467204571,,,38827,118,bitcoin sv,bsv
538,,2020/05/17,31658923,889745,13510,,316974277145,10.511,,2605581,35.582,,,,3505301069,,,16854,65,bitcoin sv,bsv
539,,2020/05/18,93962949,1010662,15362,,313688718787,9.796,,2913795,92.972,,,,3692696263,,,19224,48,bitcoin sv,bsv
540,,2020/05/19,64252458,873175,47899,,316409176252,10.141,,3192024,73.585,,,,3680484049,,,52595,63,bitcoin sv,bsv
541,,2020/05/20,77367515,1036931,58567,,301487824531,9.796,,2511613,74.612,,,,3671938114,,,86575,77,bitcoin sv,bsv
542,,2020/05/21,49960352,773177,45387,,294843444371,9.73,,2093172,64.617,,,,3604593972,,,74949,76,bitcoin sv,bsv
543,,2020/05/22,105718321,671312,50893,,288102670162,10.07,,1893649,157.48,,,,3565892333,,,85967,54,bitcoin sv,bsv
544,,2020/05/23,18032143,395436,23039,,304227107026,9.231,,1587171,45.601,,,,3574296831,,,67093,81,bitcoin sv,bsv
545,,2020/05/24,21377403,360339,20243,,324757274386,10.36,,1336904,59.326,,,,3539830604,,,26549,61,bitcoin sv,bsv
546,,2020/05/25,151314208,772376,22428,,307403007313,9.73,,2166428,195.907,,,,3424026315,,,27157,52,bitcoin sv,bsv
547,,2020/05/26,92655493,674807,27716,,302880550669,9.796,,2009466,137.307,,,,3370472117,,,89225,66,bitcoin sv,bsv
548,,2020/05/27,123941043,643828,20386,,310237983511,10.36,,2050481,192.506,,,,3390825694,,,34569,82,bitcoin sv,bsv
549,,2020/05/28,80624583,549331,17736,,318163931394,10.667,,1905630,146.769,,,,3463680113,,,19595,59,bitcoin sv,bsv
550,,2020/05/29,126996871,630205,17317,,331754871253,10.992,,2077774,201.517,,,,3513353512,,,22193,103,bitcoin sv,bsv
551,,2020/05/30,58563639,733256,17122,,348914827550,9.114,,2007810,79.868,,,,3575447292,,,21624,60,bitcoin sv,bsv
552,,2020/05/31,40087281,591674,37536,,376874366622,10.511,,2042034,67.752,,,,3638850419,,,59914,56,bitcoin sv,bsv
553,,2020/06/01,93366175,568826,15761,,307061106370,10.511,,1822394,164.138,,,,3574545472,,,21967,66,bitcoin sv,bsv
554,,2020/06/02,173157739,317915,15643,,300371812725,9.664,,1188591,544.667,,,,3696645521,,,61148,69,bitcoin sv,bsv
555,,2020/06/03,128871596,333314,18469,,329402623675,9.536,,1046904,386.637,,,,3578242238,,,24393,46,bitcoin sv,bsv
556,,2020/06/04,205614803,565283,14848,,321306399803,11.077,,1336612,363.738,,,,3602848779,,,20484,41,bitcoin sv,bsv
557,,2020/06/05,150478673,828321,16771,,290903453491,9.863,,1536989,181.667,,,,3603308106,,,21188,34,bitcoin sv,bsv
558,,2020/06/06,72345310,812129,13316,,311261844708,10,,1624894,89.081,,,,3581817218,,,17513,27,bitcoin sv,bsv
559,,2020/06/07,42208679,625768,14229,,294796400275,10.213,,1262260,67.451,,,,3546089236,,,18027,125,bitcoin sv,bsv
560,,2020/06/08,85568718,627289,12749,,279314721239,10.07,,1298974,136.41,,,,3526421433,,,17928,139,bitcoin sv,bsv
561,,2020/06/09,96523651,697623,14615,,275642353388,9.664,,1252535,138.361,,,,3496475835,,,19239,83,bitcoin sv,bsv
562,,2020/06/10,105946545,637992,13922,,283671350895,10.827,,1230877,166.062,,,,3543548996,,,20331,84,bitcoin sv,bsv
563,,2020/06/11,119945903,703062,14019,,290370070707,9.351,,1246201,170.605,,,,3483254637,,,22649,59,bitcoin sv,bsv
564,,2020/06/12,88667812,665283,13178,,282751901296,10,,1224892,133.278,,,,3357811782,,,18403,56,bitcoin sv,bsv
565,,2020/06/13,70678681,606035,13083,,292729326057,10.667,,1099480,116.625,,,,3356711784,,,17134,64,bitcoin sv,bsv
566,,2020/06/14,58509390,647464,12510,,284969348392,9.351,,996015,90.367,,,,3334419889,,,17338,74,bitcoin sv,bsv
567,,2020/06/15,99260911,742873,12661,,275554863272,9.796,,1270973,133.812,,,,3184207483,,,17652,76,bitcoin sv,bsv
568,,2020/06/16,85692054,560711,6930,,291150291634,9.412,,878107,152.827,,,,3230927277,,,9874,60,bitcoin sv,bsv
569,,2020/06/17,93499523,854681,13208,,297751648855,9.664,,1568534,109.397,,,,3239502653,,,17258,88,bitcoin sv,bsv
570,,2020/06/18,57536648,618640,12211,,310001740355,10.667,,1185467,93.005,,,,3200690389,,,17807,61,bitcoin sv,bsv
571,,2020/06/19,60428915,695494,13448,,296505600493,9.474,,1169427,86.886,,,,3150535734,,,19382,62,bitcoin sv,bsv
572,,2020/06/20,43303052,659753,11690,,316630244037,10.588,,1185956,65.635,,,,3178015674,,,16935,65,bitcoin sv,bsv
573,,2020/06/21,77758884,646825,11441,,325936874483,10.07,,1119004,120.216,,,,3176940418,,,15980,118,bitcoin sv,bsv
574,,2020/06/22,68643070,647051,10976,,329313802632,9.863,,1107860,106.086,,,,3218287305,,,16074,226,bitcoin sv,bsv
575,,2020/06/23,117525146,637889,11817,,317621183385,9.796,,1095142,184.241,,,,3290854533,,,15282,158,bitcoin sv,bsv
576,,2020/06/24,72418393,1700468,1039264,,313537209994,10.141,,2730084,42.587,,,,3242406863,,,1055283,210,bitcoin sv,bsv
577,,2020/06/25,60388369,637649,13980,,316001221467,9.73,,1213273,94.888,,,,3163948061,,,18188,207,bitcoin sv,bsv
578,,2020/06/26,67343430,720308,112245,,359328455582,12.203,,2138262,93.493,,,,3128001374,,,157214,118,bitcoin sv,bsv
579,,2020/06/27,53405157,635117,17798,,316463371849,9.863,,1363581,84.087,,,,3048857465,,,41999,84,bitcoin sv,bsv
580,,2020/06/28,59306381,721210,12768,,304177021091,9.73,,1373708,82.232,,,,2896111314,,,18584,98,bitcoin sv,bsv
581,,2020/06/29,49260987,665264,13134,,306091953231,9.73,,1204214,74.047,,,,2933408338,,,19165,77,bitcoin sv,bsv
582,,2020/06/30,52724390,519416,25885,,306942078270,10.07,,991177,101.507,,,,2925635332,,,40718,70,bitcoin sv,bsv
583,,2020/07/01,55181482,533475,59247,,302768557457,9.863,,1186679,103.438,,,,2910181961,,,28384,127,bitcoin sv,bsv
584,,2020/07/02,67602920,743020,61599,,301826269823,11.163,,1505453,90.984,,,,2885527669,,,125443,135,bitcoin sv,bsv
585,,2020/07/03,53342183,637371,15766,,341404510238,9.474,,1182420,83.691,,,,2873373231,,,24116,122,bitcoin sv,bsv
586,,2020/07/04,48548753,616544,12760,,302355662946,9.6,,1024059,78.743,,,,2880568523,,,37988,44,bitcoin sv,bsv
587,,2020/07/05,18989584,654046,12848,,302894555646,9.73,,1102915,29.034,,,,2861806550,,,19481,61,bitcoin sv,bsv
588,,2020/07/06,173805223,655105,18163,,365685475532,9.474,,1116422,265.309,,,,3178019330,,,29209,109,bitcoin sv,bsv
589,,2020/07/07,97846327,614457,16797,,355315166602,9.796,,1121623,159.24,,,,3439126053,,,24786,90,bitcoin sv,bsv
590,,2020/07/08,58048212,646453,15834,,361379258682,9.796,,1138782,89.809,,,,3469141010,,,22721,86,bitcoin sv,bsv
591,,2020/07/09,75050720,545836,14707,,341322033662,11.25,,1086586,137.497,,,,3448886507,,,21898,91,bitcoin sv,bsv
592,,2020/07/10,87709626,5508365,15130,,349727690920,9.412,,3828256,15.923,,,,3346369247,,,51507,130,bitcoin sv,bsv
593,,2020/07/11,83587015,578256,16157,,369412502634,9.796,,1089060,144.55,,,,3346668565,,,19022,95,bitcoin sv,bsv
594,,2020/07/12,61212347,555949,10888,,379930582717,11.52,,1226052,110.104,,,,3419611922,,,16871,91,bitcoin sv,bsv
595,,2020/07/13,44221657,698508,15170,,413613841333,8.834,,1075425,63.309,,,,3404876401,,,23308,127,bitcoin sv,bsv
596,,2020/07/14,85955783,537744,18675,,458663500081,10.141,,1055603,159.845,,,,3321085436,,,28137,100,bitcoin sv,bsv
597,,2020/07/15,72618991,273773,19977,,496677588634,10.141,,877839,265.253,,,,3338793163,,,28902,75,bitcoin sv,bsv
598,,2020/07/16,71864637,502631,23847,,375050069102,9.863,,1410599,142.977,,,,3236453846,,,35157,92,bitcoin sv,bsv
599,,2020/07/17,52394847,728962,72234,,388381903338,13.981,,2155664,71.876,,,,3189284655,,,83905,69,bitcoin sv,bsv
600,,2020/07/18,59887060,301407,18409,,372229167771,9.474,,620206,198.692,,,,3207640480,,,27007,null,bitcoin sv,bsv
601,,2020/07/19,91111521,658399,24290,,358051809856,9.863,,1192935,138.383,,,,3175370377,,,48286,135,bitcoin sv,bsv
602,,2020/07/20,56473439,675109,20856,,378388355439,9.664,,1114362,83.651,,,,3163441392,,,30704,85,bitcoin sv,bsv
603,,2020/07/21,95407435,638134,20488,,341519396962,9.863,,1117899,149.51,,,,3243801857,,,27460,82,bitcoin sv,bsv
604,,2020/07/22,68325934,696886,26899,,344129054799,9.796,,1217440,98.045,,,,3287527096,,,35397,104,bitcoin sv,bsv
605,,2020/07/23,123192948,600624,20175,,324012512034,10.07,,1084149,205.108,,,,3402786072,,,27832,164,bitcoin sv,bsv
606,,2020/07/24,64383456,667253,19064,,329286714222,9.796,,1196259,96.49,,,,3346122296,,,26126,67,bitcoin sv,bsv
607,,2020/07/25,89189161,655362,17455,,363592986776,9.73,,1265086,136.091,,,,3411071570,,,22009,61,bitcoin sv,bsv
608,,2020/07/26,102323554,639698,19990,,376014937622,9.931,,1140896,159.956,,,,3532867560,,,26072,93,bitcoin sv,bsv
609,,2020/07/27,117845652,602756,17362,,345096501101,12.743,,1332507,195.511,,,,3665126797,,,23375,97,bitcoin sv,bsv
610,,2020/07/28,359326500,651640,16153,,364035680497,9.536,,1115411,551.419,,,,3919968239,,,22293,123,bitcoin sv,bsv
611,,2020/07/29,215142327,594768,15139,,324040196818,9.863,,1087362,361.725,,,,3997797343,,,23060,110,bitcoin sv,bsv
612,,2020/07/30,137351067,622894,12978,,311483854557,9.796,,1052083,220.505,,,,3925020546,,,19850,92,bitcoin sv,bsv
613,,2020/07/31,314833679,649599,16004,,363123917284,9.474,,1073579,484.659,,,,4073343816,,,31620,74,bitcoin sv,bsv
614,,2020/08/01,420453298,634146,13650,,341710506598,10,,1067994,663.023,,,,4423609444,,,40277,86,bitcoin sv,bsv
615,,2020/08/02,141713785,617350,14143,,359149356412,9.664,,1028939,229.552,,,,4174706222,,,20845,49,bitcoin sv,bsv
616,,2020/08/03,225602534,652007,15203,,339343294636,9.536,,1108776,346.012,,,,4150097362,,,22226,83,bitcoin sv,bsv
617,,2020/08/04,159719864,717647,12475,,360041244997,10.07,,1268060,222.56,,,,4221735009,,,21290,112,bitcoin sv,bsv
618,,2020/08/05,195208096,389563,12838,,352937836259,10.213,,770619,501.095,,,,4246902824,,,20328,50,bitcoin sv,bsv
619,,2020/08/06,190841526,473437,14032,,320845720853,10.141,,881519,403.098,,,,4304686408,,,21337,51,bitcoin sv,bsv
620,,2020/08/07,112991747,734541,17381,,386448929659,9.536,,1193251,153.826,,,,4321075505,,,24956,64,bitcoin sv,bsv
621,,2020/08/08,45990010,699274,14862,,369412502634,9.536,,1107815,65.768,,,,4203838927,,,21230,37,bitcoin sv,bsv
622,,2020/08/09,36270573,874227,12880,,365835861002,9.73,,1382968,41.49,,,,4144253301,,,18734,117,bitcoin sv,bsv
623,,2020/08/10,53507459,712453,26780,,337182125232,12.857,,1559199,75.103,,,,4148513538,,,44701,103,bitcoin sv,bsv
624,,2020/08/11,101563009,605723,16043,,310073776390,10.992,,1173847,167.672,,,,3991929671,,,23931,122,bitcoin sv,bsv
625,,2020/08/12,57360454,851642,184600,,300451969654,9.73,,1406416,67.353,,,,3812622731,,,278963,182,bitcoin sv,bsv
626,,2020/08/13,123016649,501009,14833,,288448660471,9.6,,912998,245.538,,,,3786642579,,,24421,103,bitcoin sv,bsv
627,,2020/08/14,140929319,750416,17503,,336305567217,9.664,,1297546,187.802,,,,3917641646,,,23578,63,bitcoin sv,bsv
628,,2020/08/15,111548874,713090,12502,,381683464485,9.536,,1125202,156.43,,,,4031951025,,,18587,133,bitcoin sv,bsv
629,,2020/08/16,194220461,707905,12048,,368867872361,10,,1182635,274.359,,,,4087703781,,,16257,137,bitcoin sv,bsv
630,,2020/08/17,122201576,722993,17076,,332967485000,13.714,,2157694,169.022,,,,4130939639,,,30323,113,bitcoin sv,bsv
631,,2020/08/18,110288014,727480,16508,,297855035699,9.863,,1256191,151.603,,,,4151048377,,,30107,67,bitcoin sv,bsv
632,,2020/08/19,101218352,752722,15980,,285399382620,9.931,,1330629,134.47,,,,3876964802,,,23931,113,bitcoin sv,bsv
633,,2020/08/20,176201253,470171,15558,,294016935670,9.412,,819924,374.76,,,,3830678219,,,24169,65,bitcoin sv,bsv
634,,2020/08/21,125963362,575216,16229,,325041475823,9.664,,1029803,218.984,,,,3795337165,,,25127,67,bitcoin sv,bsv
635,,2020/08/22,135788304,578852,14097,,298620355437,9.474,,1004734,234.582,,,,3579626689,,,19817,56,bitcoin sv,bsv
636,,2020/08/23,110510618,558485,13259,,303116261327,9.796,,973953,197.876,,,,3584182110,,,22095,66,bitcoin sv,bsv
637,,2020/08/24,133016326,541449,13791,,297402633773,9.796,,940215,245.667,,,,3687630028,,,19648,58,bitcoin sv,bsv
638,,2020/08/25,112548688,431174,17277,,301235747571,9.6,,836908,261.028,,,,3631005112,,,25186,50,bitcoin sv,bsv
639,,2020/08/26,87976512,472293,20599,,310797322882,10.141,,850199,186.275,,,,3537960194,,,30613,59,bitcoin sv,bsv
640,,2020/08/27,83403090,587393,32328,,298047230443,14.545,,1624566,141.989,,,,3480484702,,,49485,113,bitcoin sv,bsv
641,,2020/08/28,129931487,778537,23613,,316772223828,9.114,,1157321,166.892,,,,3474334949,,,32146,84,bitcoin sv,bsv
642,,2020/08/29,99723569,692760,18289,,308280223184,9.29,,1123994,143.951,,,,3518841781,,,23572,79,bitcoin sv,bsv
643,,2020/08/30,101293736,702077,20100,,308845756170,9.664,,1093690,144.392,,,,3559066490,,,24611,74,bitcoin sv,bsv
644,,2020/08/31,121508135,606675,26345,,299322460356,9.664,,1062574,200.285,,,,3604187092,,,40355,41,bitcoin sv,bsv
645,,2020/09/01,157640312,748591,22525,,296580044807,9.931,,1258975,210.583,,,,3653670609,,,36455,71,bitcoin sv,bsv
646,,2020/09/02,157510552,699443,24580,,309824460925,11.52,,1988657,225.194,,,,3531130136,,,30683,81,bitcoin sv,bsv
647,,2020/09/03,152876872,726783,43109,,293785576352,9.73,,1210665,210.347,,,,3216244396,,,55445,220,bitcoin sv,bsv
648,,2020/09/04,137601116,750250,33905,,260746433022,10.286,,1355915,183.407,,,,2939082387,,,52869,95,bitcoin sv,bsv
649,,2020/09/05,97412736,431053,35163,,272543807426,9.664,,714748,225.988,,,,2951013527,,,42819,82,bitcoin sv,bsv
650,,2020/09/06,70275738,701513,33929,,279560714208,9.6,,1071523,100.177,,,,3007952534,,,47050,70,bitcoin sv,bsv
651,,2020/09/07,119757015,593985,28270,,293228455557,10,,957491,201.616,,,,3119762770,,,44852,130,bitcoin sv,bsv
652,,2020/09/08,153111641,630195,32269,,300749173698,9.863,,1099309,242.959,,,,3194035895,,,46856,68,bitcoin sv,bsv
653,,2020/09/09,92352698,606979,35312,,292336225435,10.07,,1148409,152.151,,,,3157654367,,,56134,126,bitcoin sv,bsv
654,,2020/09/10,75709557,562632,38454,,290346670184,9.931,,982361,134.563,,,,3131528163,,,62194,94,bitcoin sv,bsv
655,,2020/09/11,81333677,571399,31542,,269326779345,9.536,,999464,142.341,,,,3064207650,,,46246,107,bitcoin sv,bsv
656,,2020/09/12,88844366,522159,35697,,281559769014,10.213,,1117738,170.148,,,,3083989912,,,50074,66,bitcoin sv,bsv
657,,2020/09/13,71186478,287163,38555,,313048195633,11.707,,840689,247.896,,,,3065390142,,,56137,66,bitcoin sv,bsv
658,,2020/09/14,74183693,574345,41892,,279099426847,10.141,,1314981,129.162,,,,3008890523,,,58654,113,bitcoin sv,bsv
659,,2020/09/15,66977142,560830,42835,,277914247853,9.931,,1240650,119.425,,,,3059692507,,,74657,69,bitcoin sv,bsv
660,,2020/09/16,102029228,543703,31333,,269879565259,10,,1133989,187.656,,,,3026918732,,,47350,91,bitcoin sv,bsv
661,,2020/09/17,53045226,624542,45626,,306955153767,10.511,,1363540,84.935,,,,3032213970,,,51373,105,bitcoin sv,bsv
662,,2020/09/18,54632162,582613,55107,,272152643009,10,,1338846,93.771,,,,3014818142,,,63982,96,bitcoin sv,bsv
663,,2020/09/19,45124679,458205,52310,,289612643442,9.412,,894020,98.481,,,,2998395446,,,60924,122,bitcoin sv,bsv
664,,2020/09/20,56500277,258246,64145,,297597932186,9.6,,828877,218.785,,,,2891143283,,,68744,100,bitcoin sv,bsv
665,,2020/09/21,43414026,569397,61737,,282765216249,10,,1473819,76.246,,,,2775354221,,,63337,95,bitcoin sv,bsv
666,,2020/09/22,58220121,568673,57598,,276470454385,9.796,,1083020,102.379,,,,2728453346,,,66261,106,bitcoin sv,bsv
667,,2020/09/23,67594627,781081,108710,,281961912262,9.536,,1640321,86.54,,,,2837442071,,,106791,108,bitcoin sv,bsv
668,,2020/09/24,40698613,774337,110124,,293198626816,9.931,,1950683,52.559,,,,2841576942,,,100644,66,bitcoin sv,bsv
669,,2020/09/25,31909617,627239,107628,,293360968498,11.613,,1783681,50.873,,,,2870818953,,,110370,81,bitcoin sv,bsv
670,,2020/09/26,38024060,712205,88124,,319232380786,9.536,,1595891,53.389,,,,2941501625,,,98202,78,bitcoin sv,bsv
671,,2020/09/27,49624372,674820,106359,,318873553034,9.6,,1498225,73.537,,,,3065750657,,,97462,84,bitcoin sv,bsv
672,,2020/09/28,71748921,715583,110710,,336666968151,9.73,,1813857,100.266,,,,3191164045,,,109970,122,bitcoin sv,bsv
673,,2020/09/29,48848279,1576550,872934,,342747510019,9.73,,3285760,33.619,,,,3132766143,,,772048,99,bitcoin sv,bsv
674,,2020/09/30,59242528,1751646,1091383,,344370818942,10.213,,3886941,33.821,,,,3230266842,,,826602,217,bitcoin sv,bsv
675,,2020/10/01,84140339,1552737,866458,,316964516926,10,,3313609,54.188,,,,3207862413,,,770304,138,bitcoin sv,bsv
676,,2020/10/02,46141776,1059116,405657,,290026462384,10.746,,2604567,43.566,,,,3000812479,,,414447,116,bitcoin sv,bsv
677,,2020/10/03,32148617,685362,108869,,319100905298,10.07,,1755197,46.907,,,,2964596279,,,120799,64,bitcoin sv,bsv
678,,2020/10/04,29461448,836529,128529,,318757883189,9.6,,1879240,35.219,,,,2954572454,,,172761,122,bitcoin sv,bsv
679,,2020/10/05,64958301,843888,129203,,309937736417,9.931,,2124294,76.975,,,,2994342577,,,104799,88,bitcoin sv,bsv
680,,2020/10/06,34522399,981476,307637,,320711485939,10.213,,2551046,35.174,,,,2983264346,,,293533,95,bitcoin sv,bsv
681,,2020/10/07,37451759,760109,186676,,291778675255,10,,2188804,49.272,,,,2961488769,,,188167,92,bitcoin sv,bsv
682,,2020/10/08,45892741,625839,101019,,301087219786,13.091,,1807891,73.33,,,,3035640334,,,110765,59,bitcoin sv,bsv
683,,2020/10/09,33513457,645550,146824,,318189220634,9.6,,1861000,51.915,,,,3092593337,,,152614,76,bitcoin sv,bsv
684,,2020/10/10,42670902,692630,161071,,319882866062,9.796,,1503104,61.607,,,,3182880507,,,151892,72,bitcoin sv,bsv
685,,2020/10/11,40936426,434321,122311,,309534320745,10.511,,1153153,94.254,,,,3184915361,,,118534,42,bitcoin sv,bsv
686,,2020/10/12,51902867,412853,165667,,386863890551,9.6,,1246287,125.718,,,,3167891924,,,170929,57,bitcoin sv,bsv
687,,2020/10/13,43842225,814725,194076,,347357307229,9.412,,1702508,53.812,,,,3148018580,,,169884,54,bitcoin sv,bsv
688,,2020/10/14,64563603,589417,160618,,306929003886,9.664,,1400579,109.538,,,,3132164901,,,169720,50,bitcoin sv,bsv
689,,2020/10/15,72115733,616441,196395,,312853831740,9.931,,1548212,116.987,,,,3125290333,,,206723,70,bitcoin sv,bsv
690,,2020/10/16,64996428,314543,187069,,301730215636,9.536,,1325646,206.638,,,,2993088910,,,198350,64,bitcoin sv,bsv
691,,2020/10/17,34559922,297688,153521,,319174405124,9.796,,1165219,116.094,,,,2943986502,,,115337,42,bitcoin sv,bsv
692,,2020/10/18,43535881,337222,147979,,323493207597,10.827,,1357178,129.102,,,,2958108711,,,147342,59,bitcoin sv,bsv
693,,2020/10/19,58867565,739206,587143,,301195454370,10.827,,2331628,79.636,,,,2955147924,,,587947,66,bitcoin sv,bsv
694,,2020/10/20,43180386,1120818,910814,,285157681453,9.863,,2961440,38.526,,,,2932432115,,,849983,71,bitcoin sv,bsv
695,,2020/10/21,52005720,625422,349325,,264444000273,10.141,,1711757,83.153,,,,3012385792,,,340827,88,bitcoin sv,bsv
696,,2020/10/22,52788973,703287,451252,,236455471379,10.588,,2158241,75.06,,,,3130803046,,,423524,51,bitcoin sv,bsv
697,,2020/10/23,75905658,830462,471063,,239913214602,9.796,,2165040,91.402,,,,3101334202,,,430382,50,bitcoin sv,bsv
698,,2020/10/24,55090420,797045,450987,,268829399288,9.73,,1942370,69.118,,,,3143789617,,,408126,85,bitcoin sv,bsv
699,,2020/10/25,52673731,626247,395270,,283907182052,9.6,,1575987,84.11,,,,3283632989,,,355959,118,bitcoin sv,bsv
700,,2020/10/26,91556548,498167,208949,,282355247793,9.931,,1301438,183.787,,,,3302844473,,,224213,66,bitcoin sv,bsv
701,,2020/10/27,69968805,750561,411536,,253548637985,12.632,,2320863,93.222,,,,3245388646,,,349459,65,bitcoin sv,bsv
702,,2020/10/28,52548236,771718,443973,,224449888879,9.796,,1949276,71.169,,,,3201260967,,,397209,67,bitcoin sv,bsv
703,,2020/10/29,40469098,709053,379760,,214377927241,10.36,,2455040,57.075,,,,3127876179,,,343900,83,bitcoin sv,bsv
704,,2020/10/30,48494538,617459,305232,,214432154265,10.213,,1839611,78.539,,,,3025463171,,,316917,82,bitcoin sv,bsv
705,,2020/10/31,38817240,315075,24930,,201146458065,9.351,,920977,123.2,,,,3061617319,,,38146,196,bitcoin sv,bsv
706,,2020/11/01,32968426,408837,206512,,205420252601,9.863,,1219425,80.64,,,,3054109700,,,158628,83,bitcoin sv,bsv
707,,2020/11/02,69543541,682713,455330,,203428741499,10.07,,1838370,101.864,,,,3001813752,,,404306,90,bitcoin sv,bsv
708,,2020/11/03,75909474,721243,448070,,203394862453,12.414,,2407366,105.248,,,,2820247988,,,322962,62,bitcoin sv,bsv
709,,2020/11/04,44947337,711879,435602,,212426945650,10,,1978904,63.139,,,,2796780559,,,null,66,bitcoin sv,bsv
710,,2020/11/05,59164718,590731,301925,,189440391535,9.6,,1547025,100.155,,,,2883485505,,,319049,73,bitcoin sv,bsv
711,,2020/11/06,46694010,700519,433377,,192428775794,9.73,,1975697,66.656,,,,3039198052,,,403701,81,bitcoin sv,bsv
712,,2020/11/07,33793469,727112,438811,,218142803378,9.172,,1717823,46.476,,,,3108138403,,,397518,47,bitcoin sv,bsv
713,,2020/11/08,24784656,717530,451721,,212055604845,11.077,,1988457,34.542,,,,3038959592,,,405704,57,bitcoin sv,bsv
714,,2020/11/09,51553010,745969,457440,,177762331909,11.429,,2181877,69.109,,,,3017387203,,,394675,70,bitcoin sv,bsv
715,,2020/11/10,39989580,696829,430915,,177599783415,10.667,,1781005,57.388,,,,2942266078,,,386205,72,bitcoin sv,bsv
716,,2020/11/11,37694744,726333,448657,,169593775437,9.29,,1810637,51.897,,,,2944949950,,,385714,76,bitcoin sv,bsv
717,,2020/11/12,81367093,361409,120540,,171719674194,10.286,,937910,225.139,,,,2925992697,,,133439,82,bitcoin sv,bsv
718,,2020/11/13,64227056,369804,120928,,172623070057,9.231,,926968,173.679,,,,2956864350,,,129696,69,bitcoin sv,bsv
719,,2020/11/14,60280262,411441,119053,,185128125188,10.435,,1035592,146.51,,,,2944395211,,,128396,56,bitcoin sv,bsv
720,,2020/11/15,45190125,340098,115680,,170899422780,10.36,,785109,132.874,,,,2894773265,,,124600,116,bitcoin sv,bsv
721,,2020/11/16,47510671,363570,68264,,160332550529,9.863,,1010421,130.678,,,,2917223324,,,65893,101,bitcoin sv,bsv
722,,2020/11/17,76229149,624894,399090,,175982333812,10.286,,1319885,121.987,,,,3036200552,,,355615,180,bitcoin sv,bsv
723,,2020/11/18,139276411,662145,419503,,158875721053,9.664,,1535127,210.341,,,,3019035194,,,365125,126,bitcoin sv,bsv
724,,2020/11/19,38178493,685995,431445,,153461560388,10.992,,1577258,55.654,,,,3007759686,,,407318,56,bitcoin sv,bsv
725,,2020/11/20,162774070,695253,460694,,167446295428,8.834,,1171889,234.122,,,,3066606213,,,410194,77,bitcoin sv,bsv
726,,2020/11/21,93752630,664870,386865,,178703122934,9.474,,1354192,141.009,,,,3340679554,,,332336,97,bitcoin sv,bsv
727,,2020/11/22,248892374,566200,360911,,179802757625,10.435,,1797230,439.584,,,,3398528252,,,356510,65,bitcoin sv,bsv
728,,2020/11/23,117062115,569391,383102,,184746504815,9.6,,1419843,205.592,,,,3463429808,,,490964,95,bitcoin sv,bsv
729,,2020/11/24,321534107,1264216,1019530,,191231212401,10.588,,2583671,254.335,,,,3799503188,,,807578,87,bitcoin sv,bsv
730,,2020/11/25,159398574,611278,365046,,181603599299,10.36,,1495195,260.763,,,,3759063338,,,371022,83,bitcoin sv,bsv
731,,2020/11/26,150054350,561560,415102,,180728604280,10.588,,1839699,267.21,,,,3194509596,,,527161,67,bitcoin sv,bsv
732,,2020/11/27,104183396,314202,37980,,162223270528,10.213,,1271420,331.581,,,,3011694069,,,51418,53,bitcoin sv,bsv
733,,2020/11/28,74989691,595098,340601,,167849218427,9.6,,1209241,132.647,,,,3047676584,,,350051,43,bitcoin sv,bsv
734,,2020/11/29,62596584,234003,58382,,175873661910,9.351,,932846,267.503,,,,3102343378,,,40197,58,bitcoin sv,bsv
735,,2020/11/30,65144834,325223,310836,,177338402859,10.286,,1011999,200.308,,,,3270959277,,,321431,166,bitcoin sv,bsv
736,,2020/12/01,66006311,3141345,2922353,,167372396209,10.36,,6442640,21.012,,,,3289612812,,,1800891,61,bitcoin sv,bsv
737,,2020/12/02,71282512,5066697,4944539,,166178886290,10.746,,9717525,14.069,,,,3147822784,,,4795633,50,bitcoin sv,bsv
738,,2020/12/03,40365764,1141770,859203,,166849581527,9.536,,2734377,35.354,,,,3163865242,,,902875,92,bitcoin sv,bsv
739,,2020/12/04,73072296,257191,18423,,184989819484,9.796,,836166,321.22,,,,3331690964,,,26162,102,bitcoin sv,bsv
740,,2020/12/05,91635825,364718,15744,,200369543589,9.863,,956201,251.251,,,,3347615028,,,25167,87,bitcoin sv,bsv
741,,2020/12/06,38571192,1211598,979373,,189861679660,10.286,,2826053,31.835,,,,3319800689,,,985421,57,bitcoin sv,bsv
742,,2020/12/07,58064950,266236,32375,,190684163728,9.73,,932852,218.096,,,,3361673853,,,48134,80,bitcoin sv,bsv
743,,2020/12/08,49250748,260872,41519,,184160069431,10.141,,911526,188.793,,,,3286975930,,,56916,99,bitcoin sv,bsv
744,,2020/12/09,99635501,510921,241658,,180139434921,9.536,,1330937,195.012,,,,3139167848,,,223860,215,bitcoin sv,bsv
745,,2020/12/10,69205203,682793,448222,,174935590482,9.796,,1407220,101.356,,,,3110792832,,,395655,237,bitcoin sv,bsv
746,,2020/12/11,98378144,732066,463496,,178053558344,9.931,,1420087,134.384,,,,3021696411,,,418720,219,bitcoin sv,bsv
747,,2020/12/12,32852231,463904,229217,,177839547966,10.827,,1257420,70.817,,,,3060472123,,,243546,113,bitcoin sv,bsv
748,,2020/12/13,17625749,750341,495995,,173566954015,10.435,,1576574,23.49,,,,3117685776,,,419668,43,bitcoin sv,bsv
749,,2020/12/14,29732547,735605,519868,,181339893009,10.667,,1542721,40.419,,,,3091383848,,,468335,52,bitcoin sv,bsv
750,,2020/12/15,43224227,887842,660661,,180516711075,9.73,,1923995,50.811,,,,3137392890,,,611400,61,bitcoin sv,bsv
751,,2020/12/16,106008804,1071204,847017,,164202135065,10.213,,2346272,98.962,,,,3193980143,,,776343,127,bitcoin sv,bsv
752,,2020/12/17,83117303,856763,656684,,149439614678,9.536,,1655063,97.013,,,,3378946101,,,601899,97,bitcoin sv,bsv
753,,2020/12/18,84253463,1058664,823323,,141455604074,10.511,,2184319,79.585,,,,3325498142,,,685240,65,bitcoin sv,bsv
754,,2020/12/19,50426908,896547,681418,,143105526149,11.613,,2198416,58.573,,,,3302771577,,,719819,39,bitcoin sv,bsv
755,,2020/12/20,70723790,364631,118606,,155025213856,9.664,,1419826,193.96,,,,3379209887,,,99926,71,bitcoin sv,bsv
756,,2020/12/21,54693843,1038297,837766,,146371798649,11.163,,2803074,52.676,,,,3327114308,,,734543,237,bitcoin sv,bsv
757,,2020/12/22,77494602,1064286,822026,,136897400849,9.664,,2393107,72.814,,,,3145823586,,,772327,185,bitcoin sv,bsv
758,,2020/12/23,72798503,284736,65780,,135850301985,10.213,,694359,255.67,,,,3042375891,,,107586,119,bitcoin sv,bsv
759,,2020/12/24,80985900,248228,49058,,124347247913,9.6,,1748882,327.166,,,,2910727859,,,76384,102,bitcoin sv,bsv
760,,2020/12/25,39781815,663808,461896,,120953126329,9.796,,1392096,59.93,,,,3044298142,,,487912,91,bitcoin sv,bsv
761,,2020/12/26,34593853,247412,97954,,131815402858,10.286,,763192,139.823,,,,3055960941,,,70281,183,bitcoin sv,bsv
762,,2020/12/27,77588236,206989,184744,,118718604645,9.73,,974562,374.842,,,,3121917211,,,432772,105,bitcoin sv,bsv
763,,2018/11/15,,1140731,2553,,519517044292,40,,10871172,,,,,,,,,,bitcoin sv,bsv
764,,2018/11/16,,555158,5936,,631902680204,8.834,,1257800,,,,,,,,,,bitcoin sv,bsv
765,,2018/11/17,,1922573,6847,,664887284093,11.429,,4534649,,,,,,,,,,bitcoin sv,bsv
766,,2018/11/18,,4421110,5430,,563967961416,11.25,,7248575,,,,,,,,,,bitcoin sv,bsv
767,,2018/11/19,,2941899,474684,,494258709805,12.308,,5047936,,,,,,,,,,bitcoin sv,bsv
768,,2018/11/20,,1626675,403506,,504766970174,8.229,,1878573,,,,,,,,,,bitcoin sv,bsv
769,,2018/11/21,,106737,2884,,590796495112,9.536,,144315,,,,,,,,,,bitcoin sv,bsv
770,,2018/11/22,,4214,3237,,604115618618,11.163,,71245,,,,,,,,,,bitcoin sv,bsv
771,,2018/11/23,,6916,2725,,518276460115,12,,19778,,,,,,,,,,bitcoin sv,bsv
772,,2018/11/24,,7546,2575,,422658399183,9.29,,18783,,,,,,,,,,bitcoin sv,bsv
773,,2018/11/25,,7230,2482,,420159386852,14.118,,37181,,,,,,,,,,bitcoin sv,bsv
774,,2020/12/28,,,,,,,,,,,,,,,,313674,13,bitcoin sv,bsv
